pl_pnum	pl_orbper	pl_orbsmax	pl_orbeccen	pl_orbincl	pl_bmassj	st_metfe
1	0.09070629	0.0044	0.06		1.2	
2	0.240104	0.006		65	0.0014	-0.106
3	0.45328509	0.006				-0.33
2	0.342887	0.0076		65	0.0021	-0.106
1	0.381078	0.0088			1.4	0.03
7	1.51087081	0.01111	0.081	89.65	0.00267	0.04
3	1.2137672	0.0116				-0.33
1	0.684533	0.01263				
5	0.74296	0.013				0
1	1.58040456	0.01411		88.17	0.0197	0
1	0.813475	0.0142	0	82.6	1.78	
1	1.096026	0.01462				
7	2.4218233	0.01521	0.083	89.67	0.00434	0.04
1	1.6289287	0.01533		86.58	0.00513	
3	1.865169	0.0154				-0.33
5	0.736539	0.01544		83.3	0.02542	0.31
3	1.96876	0.01557	0		0.00236	-0.26
1	0.78883899	0.01634	0.002	78.78	1.069	0.15
1	1.419549	0.0164				
2	0.85359159	0.017016	0	80.78	0.018	0.138
2	0.837491	0.0172		85.1	0.0145	-0.15
4	0.789636	0.0173	0.03	86.2	0.02863	0.36
5	0.9867873	0.0175		86.5		0.04
1	0.8378434	0.01761	0.166	85.5	1.98	0.28
3	0.959641	0.01815	0	83.4	0.01579	0.04
1	1.0187068	0.01855	0	83.55	1.12	0.2
3	1.22003	0.0197	0.19		0.0056	-0.3
1	0.925542	0.01985		86.3	1.49	0.06
1	0.94145299	0.02026	0.0092	86	10.43	
1	0.9689951	0.02044	0	84.4	2.75	-0.002
4	1.93778	0.020807	0.207	59	0.021	0.05
3	3.06008	0.0209	0.04		0.00308	-0.26
1	2.260455	0.0214	0	88.9		0.26
7	4.04961	0.02144	0.07	89.75	0.00129	0.04
1	1.33711647	0.02153	0	86.12	2.494	0.02
1	1.25785	0.022	0	79.9	1.774	0.08
1	1.7292684	0.0224				
1	1.30618581	0.02282	0	81.85	1.91	
1	1.4324752	0.02289		87.8	1.26	
1	1.354133	0.023	0	87.2	1.345	0.15
2	1.42266	0.023		87.75		-0.03
1	1.21288287	0.02302	0	85.74	2.07	0.13
1	1.4200242	0.02332	0	84.08	1.294	0.171
1	1.43036763	0.02335		82.8	1.91	-0.3
1	1.0914203	0.0234	0	83.37	1.47	0.33
1	1.327347	0.0238	0.063	86	1.832	
1	1.2119189	0.02383		77.6	1.39	
2	1.937055	0.024				0.102
1	1.3600309	0.024	0	89.4	1.76	0
1	1.4013794	0.0243	0	82	1.9	0.02
1	1.48224686	0.02459		84.27	1.79	0.2
1	1.217514	0.02466	0.0099	87.8	27.23	
1	1.2749255	0.02544	0	87.6	1.183	0.13
1	1.3484954	0.02547	0.242	86.6	2.44	0
1	1.2198669	0.02555		87.67	4.1	
1	1.4857108	0.02591	0.011	87.2	2.45	0.26
2	1.6329	0.026				-0.051
1	1.5732918	0.02648	0	86.57	1.271	-0.08
1	1.6284279	0.0267	0.038	86.9	1.58	0.09
1	1.53736596	0.02677		83.15	2.361	-0.26
1	1.51214	0.027	0	79.6	7.6	0.05
4	1.620493	0.027				0.061
4	1.796302	0.027				-0.165
2	2.240508	0.027				-0.48
2	1.653888	0.027				-0.06
1	1.74748753	0.02712	0.126	87.13	2.17	0
1	1.7497798	0.0272	0	85.35	0.46	0.03
3	1.592851	0.0273				0.12
1	1.5449298	0.0274		77.55	2.01	-0.1
3	4.65627	0.02764	0.129		0.00359	-0.26
1	1.7429935	0.02798	0.0143	88.08	3.47	
3	1.729366	0.028				0.143
3	1.732342	0.028				-0.108
2	1.678327	0.028				-0.078
1	1.8053564	0.02803	0	87.5	6.1	0.103
3	3.149	0.02815	0		0.0053	-0.25
7	6.099615	0.02817	0.085	89.86	0.00195	0.04
1	1.5487743	0.02851	0.012	83.96	1.769	0.14
1	2.64561	0.0287	0.08	59	0.026	
1	1.7208604	0.02897		80.559	0.941	0.27
2	2.64977	0.029	0		0.00777	-0.16
3	1.611865	0.029				-0.023
3	2.549575	0.029				-0.042
3	1.897806	0.029				-0.441
5	2.211099	0.029				-0.201
1	2.64388312	0.0291	0.13827	86.44	0.07	
1	1.7554137	0.02918	0	83.63	1.272	0.32
1	1.9550959	0.02945	0.009	84.74	1.468	
1	1.9000693	0.0295	0.08	86.5	3.47	-0.1
2	2.019999	0.03				0.009
2	2.732756	0.03				0.207
1	2.455239	0.03	0.11	87	0.505	0.28
1	1.796	0.03			9.7	
1	1.7100566	0.03005	0	78.3	1.284	0.32
2	2.74697	0.03014				
1	1.689868	0.03035		83.4	1.18	0.37
1	1.9153073	0.03048	0.129	86.5	0.837	0.34
1	2.4855335	0.0308		79.8	4.5	
1	2.77065	0.0309				
1	3.3366487	0.031	0.017	88.88	0.043	0.18
2	1.772419	0.031				0.076
4	2.576549	0.031				-0.151
1	1.8555582	0.03101	0	82.51	0.56	0.38
1	2.152226	0.03138		84.81	0.915	0.1
1	1.8468355	0.0315	0.003	84.06	1.98	0
1	1.9616241	0.03159	0.134	86.2	1.484	0
1	2.1061607	0.03166	0.108	82.28	0.941	0.25
2	2.1461	0.03176	0.011		1.88	0.18
1	1.8209993	0.03199	0.306	86.9	1.222	0.21
2	2.39984	0.032		86.1		0.04
3	2.024152	0.032				-0.274
2	2.061897	0.032				0.1
3	2.092281	0.032				-0.298
2	2.75564	0.032				-0.149
2	2.453234	0.032				-0.748
2	2.139542	0.032				-0.169
3	2.248329	0.032				0.133
1	2.2359835	0.0323	0.047	83.3	2.44	0.12
2	2.90032	0.0328				
2	5.3636	0.03282	0.23		0.00636	-0.27
5	2.896	0.033				0
3	2.024823	0.033				-0.401
1	1.809886	0.033	0	88	0.92	0.23
1	2.07276	0.03303	0	88	1.32	0.23
1	2.14363544	0.0332	0	81.99	0.907	-0.12
1	2.3114243	0.0334	0	88.8	1.55	-0.07
1	2.00839	0.0335	0		0.618	0.23
1	2.1605156	0.03397	0.114	81.02	1.47	0.28
5	2.090876	0.034				0.143
3	2.382667	0.034				0.315
4	2.382961	0.034				-0.014
1	2.184673	0.03416	0	88.4	1.13	0.14
1	2.15000805	0.0343	0.0072	88.9		-0.04
5	3.8867907	0.0343				-0.26
3	2.50856	0.0344		85.83		0.1
1	3.06785234	0.0344	0.002	89.02	0.538	-0.13
1	4.6122	0.0345				
1	2.176423	0.0345	0.17	87	1.16	0.29
1	1.4811235	0.03462	0	86.79	2.88	-0.03
1	2.052868	0.0347	0	80.2	0.84	0.26
1	2.4238039	0.03473	0	86.02	0.889	
1	2.1746742	0.0348	0	83.75	0.805	0
1	2.849258	0.03486				
1	2.1375	0.035	0.008		1.5	0.257
3	2.53726	0.035				
2	2.422082	0.035				-0.083
3	3.306539	0.035				0.221
5	2.580827	0.035				0.077
2	2.461069	0.035				0.157
3	2.15491	0.035				0.17
1	2.6843285	0.03585	0.019	87.828	0.595	-0.1
1	2.245715	0.036	0		0.45	0.18
2	2.403679	0.036				-0.081
2	2.735926	0.036				-0.01
2	2.46236	0.036				-0.051
2	2.633867	0.036				-0.063
3	2.508553	0.036				-0.178
2	3.173315	0.036				-0.329
1	2.243752	0.036	0.091	84.32	7.341	
1	2.875317	0.0361	0.015	86.8	7.246	0.35
1	2.516729	0.0362	0.013	88.5	1.323	0.43
1	2.17517632	0.0362	0	83.2	0.89	
1	3.3252725	0.03623	0	88.21	0.319	0.2
1	2.49979	0.0363	0.058	85	1.23	0.14
1	1.763588	0.03641	0.00064	86.77	9.28	0.2
2	4.7234	0.036467	0.17		0.00371	0.09
1	2.0219596	0.0365		79.9	8	0.1
1	2.34121242	0.03651	0	83.64	1.071	
1	2.47061317	0.0367		83.872	1.197	-0.15
1	2.61585922	0.03673	0.006		0.597	0.43
1	2.2047372	0.03676	0.0016	82.2	1.682	0.15
1	2.818049	0.0368	0		0.398	0.06
1	2.7535953	0.03694	0.047	87.02	0.818	0.28
1	2.54858	0.037	0.029		1.87	0.29
4	5.57739	0.037				
4	2.795906	0.037				-0.413
4	3.340222	0.037				0.087
3	3.353728	0.037				0.028
2	2.936532	0.037				-0.478
1	2.13775	0.037	0	79.81	0.95	0.39
1	2.798581	0.037	0	86.8	1.34	0.19
1	2.2167421	0.03708	0	81.6	1.5461	-0.06
7	9.20669	0.0371	0.063	89.68	0.00214	0.04
5	3.07222	0.0372		88.35	0.02124	0.04
1	2.5495551	0.03727	0.08	87.62	1.192	0.29
1	3.1606296	0.03734		88.06	2.31	-0.03
1	2.686502	0.03744	0	83.53	3.27	-0.1
1	2.484193	0.0375	0	82	1.07	0.07
3	4.8869	0.0375	0.15		0.00601	-0.09
1	2.9444256	0.0376	0.062	88.39	0.884	
1	2.96264036	0.03762		86.38	0.922	-0.49
1	2.83891856	0.03769		86.05	0.644	-0.25
1	3.0927616	0.03781		88.49	3.15	
1	2.5079204	0.03783	0	86.8	4.31	-0.041
1	3.47114	0.03784				
1	2.797436	0.0379	0.058	86.9	1.169	
1	2.1974	0.0379	0.07		1.21	0.15
1	2.7817387	0.0379	0	84.89	0.378	
4	3.132924	0.038				-0.309
3	2.566546	0.038				-0.067
3	2.971353	0.038				-0.161
2	3.00516	0.038	0	88.27		0.23
1	2.7667641	0.03815	0.142	88.83	1.071	0.33
1	3.2130598	0.0384	0	89	0.211	-0.29
1	2.85057	0.0386	0.082	87.3	0.85	0.2
1	2.899736	0.03866	0	87.07	0.591	0.27
6	3.092926	0.03876	0	85.05	0.01491	0.11
1	2.5199454	0.03889	0	90	0.854	
1	4.6938	0.039	0.2		0.035	-0.28
1	3.38773	0.039	0		0.62	0.08
2	3.177422	0.039				-0.38
3	3.410493	0.039				-0.535
2	3.107675	0.039				0.538
4	3.543919	0.039				-0.13
4	3.295709	0.039				0.523
1	2.6556777	0.039	0	89.69	1.265	
1	2.7164762	0.03908	0.066	88.69	0.729	-0.36
1	2.57302	0.0392				
1	3.030065	0.03925		90	0.752	0.02
1	2.718659	0.0394	0.018	85.3	3.6	
1	2.6054552	0.03951	0.304	84.2	0.527	0.1
1	3.023573	0.0398	0.063		0.226	0.24
1	2.7566004	0.03985	0	82.91	1.028	
1	3.039577	0.04	0	85	0.62	0.29
5	3.250619	0.04				0.238
4	2.940309	0.04				0.012
2	3.137873	0.04				-0.162
2	2.711506	0.04				0.075
4	2.927128	0.04				-0.052
2	3.052404	0.04	0.026	89.4	0.94	0.06
1	2.828042	0.04016	0.07	85.48	0.917	0.16
1	2.8126548	0.04024	0.471	87.1	0.92	0.39
1	3.126096	0.0405		84.686	1.002	0.5
1	3.0440499	0.04057	0.181	88.55	0.543	0.05
1	2.465295	0.0406	0	88.26	1.85	-0.25
1	2.985698	0.0406	0.012		0.398	0.35
3	5.3686	0.04061	0		0.0497	-0.25
1	2.788491	0.04075	0	86.75	1.06	0.24
2	4.164389	0.041				0.126
2	3.244107	0.041				-0.191
1	3.3098443	0.04101	0.03	87.08	2.132	0.22
1	3.799847	0.04117	0.074	87.04	0.76	-0.127
1	2.7033904	0.04122	0	84.23	1.477	0.044
1	2.8792319	0.04127	0	88.74	4.32	0.377
1	2.77596	0.0413	0.036	86.6	4.193	0.17
1	3.1810781	0.04131	0.202	86.17	0.672	0.01
1	3.21222	0.0414	0.016	86.9	2.147	0.24
1	3.21751883	0.0414	0.18	85.74	0.34	-0.21
1	3.36100208	0.0414	0.054	88.38	0.485	-0.15
5	3.6001053	0.04178	0.16	88		-0.55
1	2.810595	0.0419	0.035	83.6	0.711	0.13
3	3.33616	0.042				0.169
4	3.468095	0.042				-0.165
3	3.282807	0.042				-0.441
1	3.1186009	0.0421	0	85.22	0.855	
1	2.7325321	0.04211	0	81.18	1.47	0.07
1	3.2588321	0.04217	0.066	86.656	0.73	0.16
1	2.7908327	0.0423	0.246	82.13	2.18	-0.077
1	2.694047	0.0426	0	87.7	0.8	
2	3.0965828	0.0426	0.0103		0.523	0.16
1	2.9776412	0.04263	0	85.74	0.899	0.18
1	3.3564227	0.0427	0.193	89.4	5.9	0.15
1	2.78578	0.042717	0.02	83.2	0.01598	-0.03
2	3.8728	0.0428	0		0.027	-0.14
3	3.162697	0.043				-0.107
1	2.9895932	0.04317	0	83.16	0.902	-0.116
1	3.161575	0.04317	0	87.96	0.72	
1	3.52563254	0.0433	0.22	89.36	1.27	0.09
1	3.257215	0.0434	0.051	88	0.626	0.12
1	3.101278	0.0434		90	0.62	
1	3.7224747	0.0435	0	88.6	0.487	
1	3.1743516	0.04354	0.096	86.84	0.706	0.06
1	2.99433	0.0436	0	83.17	2.33	-0.03
1	2.972086	0.04363	0.09	86.2	0.783	0.035
1	2.691548	0.0438	0	86.2	1.73	0.074
1	3.4442	0.044	0		0.48	0.16
4	3.179997	0.044				-0.092
5	3.428054	0.044				-0.136
3	3.071571	0.044				-0.023
2	3.289672	0.044				-0.12
3	4.081423	0.044				-0.046
2	3.3118644	0.044			1.03	0.44
1	2.7347749	0.04415	0	83.76	1.28	0.139
1	2.995607	0.04419	0	82.06	1.76	0.24
1	3.332687	0.0443	0	88.7	0.662	0.23
1	3.092514	0.0443	0.022		0.916	0.137
1	3.056536	0.04438	0	89.91	0.671	
1	3.446459	0.0444	0.12	85.6	1.855	
1	3.2467293	0.0446	0.066	84.96	1	0.15
1	3.577469	0.0446	0	88.82	1.8	
1	3.40883	0.04469	0	88.61	0.907	-0.29
3	3.504725	0.0447	0	84.92	0.022	0.19
1	2.705782	0.0447	0	87.9	1.24	0.12
1	3.37265	0.0449	0.017	86.3	0.6	-0.02
1	3.2888	0.0449	0.18	87.9	0.28	0.17
1	3.312846	0.04491	0.501	87.79	0.526	0.15
2	3.834887	0.045	0.059		0.06607	0.19
1	3.00265	0.045	0	88.49	0.426	0.01
2	3.25427	0.045				-0.094
2	3.763024	0.045				0.009
2	4.069427	0.045				0.012
4	3.38802	0.045				0.061
5	3.715335	0.045				0.077
2	3.292781	0.045				-0.131
2	3.281959	0.045				-0.081
1	3.57878087	0.04501	0	88	0.43	0.2
5	7.267302	0.0451				-0.26
7	12.35294	0.0451	0.061	89.71	0.00422	0.04
1	3.48777	0.0452	0.019		0.458	0.382
1	3.128992	0.0452	0.049	87.8	0.892	0.07
1	3.8681382	0.04525	0	86.71	0.26	0.144
1	3.1220109	0.0453	0.115	83.65	1.35	-0.18
1	3.4252602	0.0453	0	85.6	0.48	0.14
1	3.1915239	0.0454	0.26	84.2	11.79	
1	2.8717518	0.0455	0	88.86	1.18	0.09
1	3.21346	0.0456	0	89.76	0.077	0.17
1	2.849375	0.0457	0	82.6	2.03	-0.03
1	3.922727	0.0457	0.03	88.8	0.244	
1	3.24406	0.04571	0.035	82.65	0.867	0.272
2	3.698	0.046	0	80	0.02643	0.138
2	3.341815	0.046				0.005
3	3.619337	0.046				0.194
4	4.159807	0.046				
3	3.783986	0.046				0.052
2	3.553822	0.046				-0.078
1	3.0240949	0.046		84.646	3.23	0.33
1	3.5852467	0.04604	0.139	87.7	0.582	-0.03
1	3.7681	0.0461	0	88.34	2.43	0
4	7.7599	0.0461				
1	3.329441	0.04613	0	88.3	0.91	0.047
1	3.6191613	0.04614	0.34	88.31	0.85	-0.39
1	2.9036747	0.04619	0	84.9	2.242	0.14
6	3.69611525	0.0463	0.03	87.355	0.03052	0.07
1	3.79701816	0.0464	0.33	87.02	0.25	0.24
1	3.91405	0.0464	0	88.3	0.81	
1	3.35524	0.0465	0.067	88.6	0.685	-0.16
1	3.4059096	0.04659	0	84.41	0.478	
1	4.008778	0.0466	0.067	88.2	0.292	0.23
1	3.652836	0.0466	0.032	87.6	0.567	0.31
1	3.583893	0.04667	0.376	87.8	0.138	0.21
5	4.3123	0.0468	0.2		0.0126	-0.31
1	3.310651	0.0469	0	87.6	2.69	0.29
1	3.4148674	0.04691	0.05	15	1.02	0.33
2	3.93404	0.047	0.16		0.02	0.23
3	3.940997	0.047				-0.145
2	3.546511	0.047				0.07
3	5.212333	0.047				-0.042
1	3.352057	0.047	0.1	85.5	4.01	-0.5
1	4.0144463	0.0473		88.3		
1	3.764825	0.0473	0	88	0.58	
1	3.3023881	0.04735	0.245	86.2	0.65	-0.02
2	3.4876812	0.0474	0.086	85.82	0.16	0.33
1	3.5224991	0.0474		83.978	0.59	-0.055
1	3.57532	0.0476	0.065	86.7	10.39	-0.1
1	3.90512	0.0477	0	89.8		0.22
1	3.37796	0.0478	0.233	85	0.88	0
1	4.234516	0.0479	0.124	88.6	0.059	-0.04
1	3.142833	0.04795	0.085	82.7	2.38	-0.1
1	3.6313	0.048	0.16	85.7	2.8	0.05
1	3.31392	0.048	0	81.9	0.84	0.1
2	4.263742	0.048				-0.786
2	4.138575	0.048				0.106
3	3.936981	0.048				0.15
2	4.144495	0.048				0.089
3	4.148141	0.048				0.063
2	3.701212	0.048				-0.001
3	3.614568	0.048				0.299
5	4.617534	0.048				-0.201
1	3.509267	0.0482	0.034		0.467	0.217
4	4.3931632	0.0483	0	89.33		-0.03
1	4.098503	0.04839	0	86.92	0.579	-0.15
1	3.547851	0.0485	0	86.2	1.071	-0.157
1	3.53482	0.0485				
1	11.186	0.0485	0.35		0.004	
1	3.2346996	0.04852		88.93	0.668	0.34
1	3.7130203	0.04853	0	87.12	0.59	-0.006
1	4.055259	0.0486	0	87.83	0.28	
1	3.0763776	0.0487	0	87.5	1.52	
1	3.0801716	0.04881		84.87	1.31	-0.018
5	4.5458841	0.04881	0.31	88.2		-0.55
1	3.53273064	0.0489		88.6	0.617	0.26
1	3.971	0.049	0		0.197	
2	4.125103	0.049				-0.083
2	4.302149	0.049				-0.162
1	3.94150685	0.049	0	88.8	0.92	
1	3.3124568	0.049	0.011		4.32	0.5
5	4.64489	0.0491		88.79	0.01299	0.04
1	4.124481	0.0494	0.228	87.2	4.063	0.01
1	3.634433	0.0494		88.5	1.22	-0.09
1	4.0378962	0.04947	0.09	85.83	0.467	-0.25
1	3.646706	0.0498	0.025	87.3	1.054	
1	4.5557	0.0498	0.086		0.62	-0.02
1	3.6936411	0.04987	0.067	84.97	0.636	-0.27
1	3.474474	0.0499	0	87.2	0.762	
1	3.7520656	0.0499	0	85.5	0.542	
3	4.1547	0.05	0.27		0.058	0.23
1	4.6455	0.05	0		0.013	
2	4.0845	0.05	0.038		0.07167	0.23
3	4.180043	0.05				0.143
2	4.309427	0.05				-0.361
3	4.166972	0.05				-0.151
2	4.715106	0.05				-0.077
3	4.311792	0.05				-0.191
4	4.646186	0.05				0.155
5	5.90124	0.05			4.1	0
2	4.385315	0.05				-0.009
2	3.930821	0.05				-0.144
3	4.215	0.050201	0.12		0.016	-0.01
1	4.7228124	0.05025	0.079	87.96	2.74	0
5	7.2004	0.0505	0.13		0.018	-0.55
2	4.01593	0.0506		87.28	0.03776	0.28
1	3.585722	0.0506	0	85	0.5	0.2
1	4.2180278	0.05069	0.123	88.48	0.309	0.27
2	4.301219	0.0507	0.044	89.1	0.352	0.33
1	3.54387	0.0509	0	87	0.599	
1	4.03519	0.051	0	88.02	1.308	0.01
2	5.774464	0.051				0.126
4	4.244384	0.051				-0.24
3	4.362705	0.051				0.487
2	4.337234	0.051				-0.06
3	4.580358	0.051				0.133
2	5.795278	0.051				-0.194
4	4.028751	0.051				-0.22
3	5.169796	0.051				-0.195
1	3.9791	0.051	0	85.7	1.01	
1	3.67724	0.051	0	87.2	1.03	
3	4.44117	0.0511		87.28		-0.03
4	3.743208	0.05119	0.25	89.3	0.033	0.023
1	8.68909	0.0514	0	89.57		-0.15
1	3.6112706	0.0514	0.057	82.54	4.85	-0.05
1	3.8559	0.0514	0.26	89.35	2.06	
1	3.735438	0.0515	0.028	86.83	0.486	-0.19
1	4.1877558	0.0515	0	86.8	1.19	0.05
1	3.55392771	0.0516	0.016	83.07	0.494	0.28
1	4.2986432	0.05163	0.176	86.93	0.613	0.02
1	4.61442	0.0517	0.2	85.8	0.42	
1	3.89713	0.0518	0.047	88	1.11	-0.02
1	4.088	0.052	0.08		1.36	0.2
3	4.134444	0.052				-0.067
2	4.60182	0.052				0.143
5	4.224537	0.052				-0.131
1	4.178062	0.052		88.7	0.18	-0.18
1	4.322482	0.052	0	88.75	0.3	-0.46
4	4.16071	0.052	0.0028	89.02	1.21	0.36
5	5.8416366	0.0521	0.33			-0.08
1	4.640382	0.0523	0.067	88.3	0.267	
1	3.852985	0.05235	0	85.51	1.057	-0.13
1	4.3176782	0.0524	0.038	85.2	0.59	
1	4.1662739	0.0525		88.61	0.679	0.09
1	4.20474	0.0526	0	86.8	0.52	0.01
1	4.230785	0.0527	0.013		0.472	0.2
1	3.9516205	0.0529	0	84.93	0.574	0.34
1	4.8878162	0.053	0.198	88.5	0.081	0.31
1	3.92289	0.053	0	86.5	0.78	
3	5.188549	0.053				-0.003
4	4.790936	0.053				-0.156
3	4.544439	0.053				-0.171
2	4.72673978	0.053	0	89.183	0.01265	-0.18
1	4.3050011	0.0531	0	87.9	0.514	-0.04
2	5.73594	0.0532		87.35		-0.33
2	5.06416	0.0532		86.7		-0.02
1	3.6623866	0.0535	0	83.3	0.9	
1	4.353011	0.05362	0	85.19	0.477	
1	3.5484657	0.0538		89.14	2.111	0.04
2	4.973456	0.054				-0.014
2	4.921355	0.054				-0.093
4	4.22864	0.054				
2	4.431222	0.054				0.083
4	5.315946	0.054				0.523
3	5.47666	0.054				-0.036
2	4.57953	0.054				-0.124
1	4.763387	0.0542	0.019	89.3	0.237	0.19
1	4.0460435	0.05453	0	88.7	0.514	0.16
1	4.617101	0.05458	0	88.5	0.571	0.12
1	4.086052	0.0546	0.11	85.9	2.32	
1	4.6058749	0.05475	0.158	87.37	0.653	0.16
1	4.1137912	0.05496	0	88.6	1.522	
1	5.005425	0.055	0.245	87.1	2.171	
2	6.312501	0.055				-0.449
3	4.977656	0.055				-0.237
2	5.262155	0.055				-0.314
1	4.2	0.055			3.8	
1	5.72149	0.055	0	89.7	0.12	0.02
1	3.9501907	0.055	0.13	88.7	0.452	0.26
1	4.08722	0.05512	0	87.4	1.88	0.14
1	4.4379629	0.0553		88.796	0.432	0.07
5	5.714932	0.0553		89.2	0.03	-0.37
2	5.34059	0.0555		88.33		-0.03
1	4.46529976	0.05561		85.634	0.525	0.13
1	5.817608	0.0558	0	86.21	1.29	0.18
1	4.4656291	0.0558		89.05	0.627	0.09
1	5.508023	0.0559	0.084	88.8	0.197	0.1
1	6.98541	0.0559				
2	5.6	0.056	0.15		0.045	-0.07
2	5.1134	0.056	0	86.5	0.018	0.3
2	5.931194	0.056				-0.363
2	4.425391	0.056				-0.012
2	6.738975	0.056				-0.185
3	5.217738	0.056				-0.951
2	4.807091	0.056				-0.169
2	4.662715	0.056				0.145
3	5.028219	0.056				-0.441
1	4.9816819	0.0561		88	0.527	0.29
1	5.01718	0.0561	0	87.4	0.89	-0.45
1	3.916243	0.0562	0	82.1	0.63	0.11
2	5.60912	0.0564		87.85		0.04
3	5.39792	0.05664	0.058		0.02731	-0.15
1	4.411953	0.0567	0.21	88.3	0.57	
3	5.974	0.057	0.11		0.01315	-0.3
1	5.0505	0.057	0.024		1.068	0.23
3	4.761702	0.057				-0.274
2	4.822962	0.057				-0.051
3	4.585512	0.057				0.02
2	7.061149	0.057				0.102
2	4.915379	0.057				
2	4.612696	0.057				-0.325
2	4.920199	0.057				-0.151
1	4.927	0.057		55	0.7	
1	4.942782	0.05714	0.06	87.44	0.66	0.36
1	4.73401	0.0573	0.18		0.18689	0.33
1	4.60497	0.0574	0.152		0.12522	0.43
1	4.37809	0.0574	0.22	87.8	0.38	
1	4.641878	0.0575	0	85.9	1.044	0.27
1	4.463129	0.0577	0.123	85.5	0.493	0.3
1	4.86069	0.0578	0	84.5	0.27	-0.01
1	6.10224	0.0579				
1	7.3709	0.058	0.08		0.018	-0.22
1	4.94737	0.058	0.087		0.105	0.31
3	5.03503	0.058				-0.125
4	5.433074	0.058				0.072
4	5.925003	0.058				-0.309
3	5.349555	0.058				-0.145
3	7.113702	0.058				0.221
2	6.668391	0.058				-0.67
2	6.827766	0.058				-0.48
1	4.54216875	0.05885	0	86.46	0.475	0.1
4	4.901425	0.059				-0.092
2	4.938864	0.059				-0.345
4	5.690586	0.059				-0.413
2	5.923653	0.059				0.415
2	5.341853	0.059				-0.297
1	4.971252	0.059	0	88.9	0.3	0.29
1	7.06599	0.0591				
3	4.617033	0.059222	0.0215		0.6876	
2	5.605	0.0596				
2	5.317429	0.06				
4	5.599308	0.06				-0.533
3	6.87745	0.06				0.028
3	5.419026	0.06				-0.178
4	5.195528	0.06				-0.139
2	5.535309	0.06				-0.272
5	6.189392	0.06	0.18	88.16		-0.55
1	4.8996284	0.06	0	85.56	0.311	-0.008
1	5.20851	0.0603	0.047	88.1	0.484	0.15
1	4.627669	0.0606	0.107	83.5	2.232	0.11
1	4.8854892	0.06067		85.161	0.441	0.11
1	5.06965	0.06069				
3	8.63182	0.0607	0.073		0.03335	0.1
1	5.322023	0.0607	0	85	0.27	-0.18
1	4.457243	0.0608	0	88.3	0.615	
3	5.370647	0.061				-0.107
2	5.326718	0.061				0.02
3	6.057342	0.061				-0.161
4	5.914323	0.061				-0.165
2	5.524242	0.061				0.258
2	7.416397	0.061				-0.572
3	5.470319	0.061				-0.074
2	7.054346	0.061				-0.163
1	4.637038	0.0611	0.581	87.3	0.53	0.09
1	5.7361	0.0614	0.09		0.05	
1	6.68796	0.0617				
1	5.35227	0.0618	0.33	85.01	0.535	0.19
1	4.954658	0.0618	0	89.6	0.96	
1	6.53044	0.0619				
5	6.195469	0.062				0.238
2	6.04045	0.062				0.106
3	6.252972	0.062				-0.109
2	5.715442	0.062				0.241
2	5.9123	0.062			1.51	0.34
1	5.924262	0.062	0	88.9	0.117	0.2
1	5.084298	0.06206	0	88.1	0.95	0.22
1	5.35117	0.0621	0	86.2	0.02706	-0.53
1	4.736529	0.06229	0	85.8	0.195	0.18
1	8.36802	0.0627				-0.37
1	5.748145	0.0628	0.096	87.7	1	0.15
1	6.21229	0.063	0	88.4	0.22	0.3
3	5.714606	0.063				0.212
3	6.475434	0.063				0.051
4	5.902206	0.063				-0.014
2	5.77152	0.0634	0.172		0.02026	0.19
1	5.24	0.0635	0.01		0.28	0.25
2	6.67202	0.0636				
6	6.09852281	0.0639		87.632		0.07
5	5.766193	0.064				-0.202
2	6.40013	0.064				-0.01
2	5.687945	0.064				0.026
3	5.826662	0.064				-0.191
4	5.839172	0.064				0.061
2	6.186676	0.064				-0.063
2	5.960392	0.064				0.157
6	5.75969	0.06412	0.073		0.0416	0.08
1	4.954	0.06431	0	88	0.56	-0.08
5	7.05246	0.0648		89.34	0.0218	0.04
3	5.374943	0.065				
4	7.824904	0.065				0.087
2	8.295611	0.065				0.119
3	6.097326	0.065				-0.219
2	5.700786	0.065				0.07
3	8.457496	0.065				-0.85
2	5.929778	0.065				-0.091
2	8.410894	0.065				-0.194
2	6.738088	0.065				-0.539
1	4.8101025	0.06505	0	88.8	0.34	-0.08
1	5.65688	0.0651				
6	6.76458	0.0653	0.062	87.28	0.01372	0.11
1	10.13389	0.0653		88.77	0.03458	0.11
3	6.42904	0.0654		87.37		-0.03
1	6.404	0.0659	0.107		0.248	0.078
1	7.78287	0.066	0.22		6.37	0.3
1	8.7836	0.066	0		0.026	0.15
2	5.4122	0.066	0.47	85.94		-0.19
2	5.885273	0.066				-0.326
2	5.996553	0.066				0.1
2	6.308205	0.066				0.171
3	6.581484	0.066				0.315
3	6.766888	0.066				0.133
2	7.415563	0.066				-0.266
2	5.629021	0.066				
1	5.215357	0.0661		84.7	1.51	-0.18
2	6.4215	0.0665				
1	8.7076	0.06661	0.08		0.01686	-0.08
1	5.723186	0.0667	0.095	87.1	0.778	0.21
2	7.6188	0.0667		87.97		-0.33
4	6.178196	0.067				-0.053
2	6.00253	0.067				0.045
2	7.010606	0.067				0.538
4	7.240193	0.067				0.155
3	6.766589	0.067				0.41
1	7.133521	0.067	0	89.6	0.41	0.22
1	6.771315	0.06702	0.251		0.09722	0.13
1	5.031623	0.06708	0	84.47	0.95	0.19
1	9.7843	0.0671				
1	5.452654	0.0677	0.441	87.1	3.328	
5	5.66793	0.0677	0	86.39		0.025
1	5.33408384	0.0679	0.119	89.21	2.82	-0.01
4	6.414914	0.068				-0.053
2	7.06424	0.068				-0.093
4	6.388996	0.068				0.012
3	5.868075	0.068				-0.023
5	7.055679	0.068				0.077
2	6.791636	0.068				-0.233
4	6.124821	0.068				-0.22
3	5.859944	0.068				0.17
2	6.02976	0.0684	0	84.6	0.01	0.33
4	7.406114	0.0684	0	89.3		-0.03
1	5.6334729	0.06878	0.5171	86.72	9.09	0.14
2	5.968734	0.069				-0.064
2	6.919798	0.069				-0.301
5	6.155557	0.069				0.143
3	7.156804	0.069				0.063
4	6.846262	0.069				-0.311
3	6.941357	0.069				0.487
3	6.988055	0.069				-0.237
3	6.673855	0.0692	0.1427		3.88	0.26
3	7.05254	0.0692				
5	7.743493	0.0696	0.1	89.13		-0.55
1	7.919585	0.0697	0.1	89.27	0.863	-0.15
1	5.8881	0.07	0.09		0.367	0.28
1	6.1335	0.07	0.309		2.13	0.1
3	8.1352	0.07	0.187		0.0365	
2	7.972513	0.07				-0.748
4	6.885875	0.07				-0.052
3	7.626324	0.07				0.05
1	6.27711	0.0704	0.1249		1.86	0.324
1	8.7529	0.0705				
1	8.05428	0.0708				
1	6.71837	0.071		89	0.15	0
2	8.103636	0.071				-0.077
4	7.49019	0.071				-0.028
2	6.61833	0.071				0.106
3	7.410935	0.071				-0.951
2	6.6264	0.071				-0.001
2	6.511127	0.071				-0.031
2	9.99767	0.07131				
1	11.4433	0.0717	0		0.017	-0.32
1	5.75251	0.0717	0	88.8	2.78	0.21
3	6.803	0.0719				0.07
2	8.180848	0.072				-0.28
3	7.650254	0.072				-0.286
3	12.914	0.0721	0		0.0173	-0.25
4	15.1871	0.0722				
2	7.518496	0.073				0.18
5	7.381998	0.073				-0.136
2	8.014927	0.073				-0.478
2	9.32414	0.0731		88.3		-0.11
1	6.24658	0.0731		69.68	0.81	0.11
1	8.428198	0.074	0.277		14.4	0.01
3	7.9194	0.074		89.47		0.1
7	7.008151	0.074		89.4		-0.12
2	8.005777	0.074				-0.786
2	10.065275	0.074				-0.011
2	7.953528	0.074				0.089
1	9.0063	0.0746				
2	7.126816	0.0748	0.1267		1.39	0.37
5	8.348125	0.075				0.238
3	7.1073	0.075			0.8	-0.09
2	8.20395	0.075				0.103
2	8.187399	0.075				-0.034
2	8.25978	0.075				-0.097
2	6.562331	0.075				-0.106
2	7.186434	0.075				-0.12
3	6.849692	0.075				-0.137
1	7.87288	0.075	0	89.7	1.8	0.28
3	7.64159	0.0752	0	87.68	0.054	0.19
1	6.871815	0.07522	0.0314	88.69	2.691	
2	8.408878	0.076				-0.588
4	9.034199	0.076				
3	8.109044	0.076				-0.145
2	7.05677	0.076				-0.039
3	7.031462	0.076				-0.145
1	7.49543	0.07619				
3	10.05449	0.0769		88.8		-0.32
1	7.79430132	0.0769	0.123	86.55	1.37	0.07
1	6.838	0.077	0.3		0.94	0.11
1	8.77683	0.077				
2	8.436387	0.077				-0.12
2	8.307872	0.077				-0.052
2	8.472382	0.077				-0.067
2	7.21205	0.077				0.075
2	9.387427	0.077				-0.266
2	7.81254	0.077				0.03
1	8.5234865	0.0771	0	88.368	0.694	0
3	8.509	0.07757	0.36		0.02171	0.04
1	10.00329	0.0777				-0.12
2	7.810937	0.078				-0.016
3	7.781987	0.078				-0.149
2	7.630004	0.078				-0.144
5	13.342996	0.0781				-0.26
1	7.340711	0.0781	0	87.46	0.63	0.42
1	14.628	0.078361	0.13		0.00887	-0.38
3	8.667	0.0785	0.1		0.0321	-0.05
2	7.8543	0.079	0.25		0.054	0.1
3	8.457458	0.079				0.02
4	7.466623	0.079				
2	7.693641	0.079				-0.183
2	8.115317	0.079				-0.165
5	10.864384	0.079	0.33			-0.08
3	7.542427	0.079				0.299
5	9.52355	0.0792		89.33	0.02121	0.04
1	9.4909	0.0796	0.063	89.45	0.02473	-0.3
5	9.6184	0.0799	0.06		0.0208	-0.31
3	9.3743	0.08	0.396		0.024	0.33
2	7.8455821	0.08	0.029	88.81	0.442	-0.27
2	7.930592	0.08				0.234
2	8.594805	0.08				-0.118
4	8.1453	0.08			1.6	-0.24
2	10.848463	0.08				-0.67
3	10.475464	0.08				-0.121
4	9.653471	0.08				0.523
4	8.01041	0.08				-0.139
1	6.87349	0.08	0	89.7	2.2	0.1
1	9.4341505	0.08	0.45	87.806	0.378	0.05
2	8.158715	0.0801	0.31	88.55	2.244	
1	8.28212	0.0802				0.03
3	8.99213	0.08036	0		0.05191	-0.02
1	9.6737	0.0809	0		0.041	
1	6.495	0.081	0.048		0.96	0.19
1	8.266902	0.081		88.95	0.09439	0.26
2	7.8142	0.081				
2	8.127899	0.081				0.02
2	8.9858	0.081			1.36	0.34
5	10.198545	0.081				-0.201
5	9.740486	0.0811	0.29	87.96		-0.55
1	3.7650007	0.0815	0	86	4.4	-0.07
2	10.93241	0.0818		86.95		-0.33
1	8.8849116	0.0818	0.57	89.12	10.1	0.3
4	7.958203	0.082				-0.092
2	10.139623	0.082				-0.911
4	9.220524	0.082				-0.374
2	11.008151	0.082				-0.26
2	7.416755	0.082				0.02
1	7.8914483	0.082			0.43	0.23
4	13.2543	0.08208	0.21		0.01032	0.02
2	8.129976	0.083				-0.16
2	8.77501	0.083				0.258
2	8.005013	0.083				-0.129
4	9.360672	0.084				-0.618
3	9.439452	0.084				0.169
3	8.13123	0.084				0.17
3	8.703	0.0847				0.07
3	9.576694	0.085				-0.188
2	8.371554	0.085				-0.244
2	10.05537	0.085				-0.175
1	8.886593	0.0855	0.1	89.07	2.96	-0.2
2	10.35239	0.0856		86.42		-0.02
2	8.486616	0.086				-0.137
2	8.990889	0.087				-0.081
3	9.939632	0.087				0.006
4	10.04156	0.087				-0.413
3	9.767292	0.087				-0.191
2	9.176092	0.087				-0.057
2	12.551158	0.087				-0.472
2	10.327186	0.087				-0.718
3	11.419412	0.087				-0.046
2	9.024389	0.087				0.009
4	8.921099	0.087				-0.22
2	9.37647	0.087				0.03
1	24.73712	0.0875	0.29	89.912	0.02092	-0.24
1	9.72739	0.0876				
2	12.794585	0.088				-0.449
2	10.399931	0.088				-0.134
2	10.381227	0.088				0.14
2	8.96855	0.088				-0.138
4	9.095	0.088	0.006	89.22	0.05286	0.36
2	10.338523	0.0882	0.342	89.2	0.534	0
2	9.55385	0.08887	0.31	87.62		-0.278
1	14.207	0.089	0.31		0.0208	-0.09
2	13.74	0.089	0.049		0.0197	-0.16
7	8.719375	0.089		89.68		-0.12
3	8.586004	0.089				
4	11.349393	0.089				-0.309
3	10.281951	0.089				0.052
3	17.8719	0.089	0.11		0.01073	-0.09
1	9.20205	0.09	0	90	0.72	
3	9.926746	0.09				-0.153
4	10.349695	0.09				-0.533
2	10.222157	0.09				-0.118
2	9.488015	0.09				0.136
2	9.694928	0.09				-0.112
5	8.7522	0.09			0.5	0
3	13.969457	0.09				-0.042
1	9.24285	0.0902	0.562	88.21	4.24	0.14
2	11.2954	0.0905				
1	9.1205	0.0906	0.205	88.43	0.037	-0.16
4	9.6386	0.09094	0.172		0.03321	0.263
1	11.8104	0.091				-0.46
1	18.4498	0.091		87.983		-0.25
6	10.3039	0.091	0.045	89.64	0.006	-0.041
3	10.08881	0.091				0.15
3	10.937304	0.091				-0.161
3	10.558345	0.091				-0.237
2	9.182417	0.091				-0.217
1	10.290994	0.091	0.57	89.5	0.29	-0.19
3	9.751962	0.091				
2	18.6498	0.091101	0.1		0.00909	0.09
1	9.289715	0.0917	0	89.49	1.925	-0.09
1	9.75598	0.092	0.077	89.749	0.038	0.17
2	10.105785	0.092				
3	10.687576	0.092				-0.338
3	9.946047	0.092				0.212
3	9.600001	0.092				-0.401
1	10.70871	0.0925	0.029		1.15	
2	13.7311	0.0926				
5	12.4417	0.0929		89.7	0.013	-0.37
2	9.693201	0.093				-0.131
2	13.297004	0.093				-0.329
2	10.423118	0.093				-0.297
1	11.39109	0.09309	0	89.53	1.85	0.41
3	11.427548	0.094				-0.777
2	10.104665	0.094				-0.326
2	12.718092	0.094				-0.243
2	10.446347	0.094				-0.238
2	14.871572	0.094				0.207
2	13.722341	0.094	0.16	89.62		-0.29
1	10.13675	0.0943	0	89	0.10131	-0.2
1	10.02165	0.09459	0.302	89.14	0.2755	-0.11
1	8.6001536	0.0948	0.114	85.51	0.84	-0.18
6	10.85409089	0.0949	0.16	89.815	0.04012	0.07
2	11.763051	0.095				-0.016
2	11.187161	0.095				0.143
2	12.904532	0.095				-0.157
2	10.613839	0.095				-0.131
2	10.57375339	0.0954	0	87.09	0.02152	0.27
2	9.825792	0.096				0.077
4	10.681572	0.096				0.061
2	12.31043	0.096				-0.225
1	14.5665	0.0962		88.4		-0.13
1	10.863502	0.0964	0.19	89.1	1.946	0.22
2	10.56103	0.0964		88.61	0.03115	0.28
1	10.79	0.0968			1.66	
3	10.945723	0.097				-0.125
3	15.368459	0.097				0.221
5	11.97901	0.097				0.077
2	12.162701	0.097				-0.314
2	10.043686	0.097				-0.034
3	11.90715	0.0971		87.99		0.1
1	12.2054	0.0975				
2	11.759	0.098	0	89	0.088	0.3
4	24.1669	0.098				
3	11.463462	0.098				-0.151
3	10.300682	0.098				0.184
2	10.664903	0.098				-0.046
2	11.837549	0.098				-0.233
1	10.99573	0.0987				
3	10.495711	0.099				
2	10.640263	0.099				-0.345
3	10.7421	0.099			2.7	-0.09
3	12.645164	0.099				-0.332
3	13.821375	0.1				-0.535
3	13.98179	0.1				-0.556
3	11.32972	0.1				-0.107
3	11.094286	0.101				-0.067
2	11.379349	0.101				0.083
2	11.634788	0.101				-0.188
2	12.125934	0.101				-0.197
2	13.060022	0.101				-0.539
1	11.55098	0.1012	0	88.66	1.23	0.26
4	10.423648	0.1013	0.43	88.36	0.049	0.023
1	12.6475	0.1014				
1	10.8985	0.102	0.53		0.261	0.2
4	12.759712	0.102				0.072
2	11.03189	0.102				-0.051
4	11.242861	0.102				-0.22
2	11.829851	0.102				-0.009
1	13.86375	0.1021	0.079	89.35	0.05254	-0.34
2	15.5012	0.1026		89.08		-0.11
3	10.5016	0.1028			0.07	0.2
2	11.448708	0.103				0.045
2	11.637071	0.103				0.026
4	11.131786	0.103				
2	13.19722	0.103				0.415
3	14.425281	0.103				-0.827
5	12.56093	0.104				-0.136
2	12.699149	0.104				-0.145
3	11.189562	0.104				-0.308
3	11.922	0.1045				0.07
5	13.767102	0.105				0.238
2	11.903515	0.105				-0.023
3	12.412183	0.105				-0.191
2	11.815007	0.105				0.145
3	12.762172	0.105				-0.171
3	17.28111	0.105				-0.85
2	12.247629	0.105				-0.091
1	13.2406	0.1055	0.53	88.55	2.75	0.26
2	11.5789	0.106				
2	11.38848	0.106				-0.011
4	12.3335	0.106			1.6	-0.24
4	13.638723	0.106				-0.374
6	13.0241	0.107	0.026	89.59	0.009	-0.041
2	12.691112	0.107				-0.151
2	11.476094	0.107				-0.151
3	12.758005	0.107				-0.074
3	11.932125	0.107				0.299
5	12.465988	0.108				-0.202
2	13.060855	0.108				-0.115
2	13.699087	0.109				-0.361
2	13.817124	0.109				-0.194
2	14.496481	0.109				0.103
2	12.509529	0.109				-0.497
2	12.62	0.11	0.02		1.13	0.05
3	13.5405	0.11				-0.108
2	15.31299	0.11				-0.28
5	22.407704	0.11				-0.26
2	14.589347	0.11				-0.061
2	13.093921	0.11				
2	12.79836	0.11				-0.068
2	12.51616	0.11				-0.081
2	14.51143	0.11				-0.191
2	12.130686	0.11				-0.129
3	14.09189	0.1103		88.34		-0.03
2	16.709184	0.111				-0.232
3	13.137471	0.111				-0.149
2	18.794234	0.111				-0.185
3	13.930698	0.111				-0.299
1	13.97896	0.1112				
2	13.5052	0.1117	0.305		0.01759	0.19
3	12.309681	0.112				-0.57
3	13.751243	0.112				-0.178
2	16.092361	0.112				0.553
1	15.76491	0.113	0.0416		3.91	-0.268
2	12.610584	0.113				0.078
2	16.282493	0.113				0.012
4	14.667108	0.113				-0.618
2	18.684737	0.113				-0.572
3	15.299	0.1134	0.098		0.02473	-0.15
2	19.271566	0.114				-0.011
3	15.995622	0.114				0.05
1	12.8747099	0.1143	0.131	86.46	2.86	0.25
2	16.1966	0.1148				
1	15.56	0.115	0		0.0442	-0.31
5	13.233549	0.115				0.143
3	16.934402	0.115				-0.036
2	13.121632	0.115				-0.325
2	14.172327	0.115				-0.151
5	14.65152	0.115227	0.0034	90	0.8306	0.31
2	13.83989	0.1153	0.039	90.01	0.014	-0.2
2	13.07163	0.116				-0.064
2	15.228958	0.116				-0.102
2	13.193242	0.116				-0.012
2	15.955387	0.116				-0.097
4	18.596108	0.116				-0.151
1	13.481	0.117	0.05		12.4	-0.17
2	15.906801	0.117				-0.014
2	14.400974	0.117				-0.213
3	16.068638	0.117				-0.109
2	14.646008	0.117				0.012
4	13.726976	0.117				-0.106
2	13.391635	0.117				
4	13.4845	0.117	0.015	88.78	0.0343	-0.073
1	15.7259	0.1171				-0.2
3	14.85888	0.1172	0	88.07	0.052	0.19
4	14.627119	0.118				0.012
2	15.3348	0.118			9.11	0.41
5	19.850291	0.118	0.33			-0.08
4	15.054786	0.118				-0.052
2	16.332995	0.118				-0.175
2	14.751166	0.118				-0.009
5	13.17562	0.1189	0	88.19		0.025
1	17.96753	0.119				0.15
4	15.677563	0.119				-0.533
3	14.12841	0.119				0.012
2	16.568087	0.12				-0.11
4	17.326644	0.12				0.155
3	16.85837	0.12				0.051
5	18.16406	0.12		89.7	0.044	-0.37
4	18.315	0.1207	0	90	0.0085	-0.4
3	16.738661	0.121				-0.071
1	14.476	0.1216	0.115		0.0866	0.25
2	20.306546	0.122				-0.149
2	16.087845	0.122				0.008
4	20.060548	0.122				0.087
4	16.514043	0.122				-0.156
3	14.383035	0.122				-0.297
1	17.833648	0.1226	0.17	87.72		0.01
2	19.07863	0.1229		87.83		-0.33
1	17.054	0.123	0.07		0.079	0.3
4	14.749049	0.123				-0.092
2	16.239494	0.123				0.171
2	15.38231	0.123				-0.112
2	18.207973	0.124				-0.138
4	18.643577	0.124				-0.309
3	15.274299	0.124				-0.09
4	17.460812	0.124				-0.028
2	14.613612	0.124				-0.217
5	28.14	0.125	0.02		0.012	-0.55
3	18.02	0.125	0.047		0.665	0.3
3	14.435889	0.125				-0.154
2	14.970418	0.125				-0.112
3	25.63058	0.1254	0.099		0.0214	0.1
2	16.725948	0.126				-0.272
3	20.995694	0.126				-0.036
2	40.54	0.1264	0.17		0.00727	-0.27
2	15.771044	0.127				0.154
2	16.007583	0.127				-0.167
3	17.648312	0.127				0.063
4	17.028937	0.127				-0.311
2	15.163161	0.127				-0.034
3	17.738506	0.128				0.006
4	15.170318	0.128				-0.053
3	20.837846	0.128				-0.524
2	16.23855	0.1283	0.033	89.98	0.025	-0.2
6	16.357	0.12859	0.131		0.0378	0.08
2	18.870227	0.129				-0.255
4	30.0881	0.12959	0.25591	59	0.7142	0.05
2	18.735753	0.13				-0.12
2	15.660544	0.13				-0.359
4	18.369917	0.13				-0.413
3	18.119869	0.13				0.052
5	22.7802	0.13				0
4	17.91323	0.13				-0.031
2	17.111	0.1304	0.237		0.06	0.25
1	16.254611	0.1308	0.029	89.08	1.338	0.3
2	14.3098	0.131	0.257		0.839	0.51
2	15.79186	0.131				
2	16.665863	0.131				0.234
3	17.308032	0.131				-0.298
3	17.790037	0.131				-0.14
4	16.259458	0.132				
2	23.968127	0.132				0.119
3	16.088134	0.132				0.184
5	20.432	0.1321	0.07		0.0299	-0.31
2	16.399235	0.133				
2	16.257582	0.133				
4	20	0.133	0.06		0.00551	
2	14.844387	0.134				-0.094
2	17.340824	0.134				0.009
1	20.5065	0.1344				
2	18.157	0.1344	0.18		0.259	0.39
2	19.0918	0.135				
2	17.232366	0.135				-0.199
2	24.08821	0.135				-0.472
1	17.815815	0.1352				-0.2
2	20.6921	0.1354				
4	18.010199	0.136				-0.053
2	17.406669	0.136				-0.183
3	22.92881	0.136				-0.121
1	20.273034	0.1367	0.137	88.82	0.84	-0.22
2	19.446355	0.137				-0.301
2	20.134866	0.137				-0.134
2	17.784129	0.137				-0.046
2	20.739886	0.138				0.071
4	18.998355	0.138				-0.24
2	17.265427	0.138				-0.039
1	19.1541	0.13821				
1	18.20132	0.1388	0.0138		3.69	0.068
2	20.729042	0.139				-0.051
3	18.746477	0.139				-0.191
6	19.57758478	0.1396		88.788		0.07
3	24.64354	0.1399		89.12		-0.32
3	20.6602	0.1399	0		0.03807	-0.02
1	17.24	0.14	0.2		0.0696	0.06
3	20.050401	0.14				-0.191
3	20.477912	0.14				0.169
3	19.305772	0.14				-0.219
2	19.02293	0.14				-0.124
3	19.24	0.14	0.15		0.252	0.12
1	19.5666	0.1402				
4	21.803855	0.1405	0.12	89.352		-0.03
2	20.17202	0.141				0.18
3	20.303005	0.141				-0.338
5	20.834237	0.141				0.077
2	19.986326	0.141				-0.197
3	20.552802	0.142				-0.188
2	20.026218	0.142				0.241
3	21.526258	0.142				-0.332
2	17.934937	0.142				-0.244
2	18.311	0.1429				
4	30.5987	0.14339	0.06		0.07406	0.02
2	19.254196	0.144				0.134
2	22.250949	0.144				-0.035
2	18.7959228	0.1445	0.0493	88.74	0.094	-0.04
1	18.179	0.145	0.48		0.33	0.366
2	20.342199	0.145				-0.077
2	19.738286	0.145				-0.057
3	24.209842	0.146				-0.036
6	22.717	0.1463	0.148		0.02297	0.11
1	22.017	0.148	0.146		0.44	-0.48
2	22.597053	0.148				-0.567
1	32.94488	0.1491				0.09
3	21.2234	0.15				-0.153
2	21.058	0.1503	0.18	88.48		-0.278
1	17.8552333	0.151	0.72	88.95	10	0.09
3	22.8827	0.1517				
2	21.347262	0.152				-0.016
2	21.853722	0.152				-0.115
2	20.09838	0.152				-0.045
3	23.668205	0.153				-0.777
2	19.747412	0.153				0.076
2	21.963945	0.153				-0.097
1	24.3587	0.15312	0.008		0.733	0.054
1	20.8133	0.1532	0.121		0.172	0.295
2	19.382	0.154	0.02		0.865	0.01
3	28.464515	0.154				0.028
3	20.678772	0.154				-0.401
3	20.053763	0.154				-0.137
2	20.88508	0.1542		88.95		0.42
6	22.6845	0.155	0.004	89.67	0.023	-0.041
5	21.587475	0.155				-0.202
2	25.193458	0.155				-0.225
3	26.67569	0.155				-0.827
3	24.451	0.1551	0.21		0.02026	-0.15
2	22.3395	0.15525	0.05628	86.2	0.626	0.2
5	39.026	0.156	0.03		0.008	-0.55
2	24.570858	0.156				0.14
2	20.684342	0.157				0.077
2	28.551383	0.158				-0.232
2	23.637604	0.158				-0.157
1	18.249	0.159	0.19	87.7	0.97	0.2
3	32.134328	0.159				-0.85
2	24.674612	0.16				-0.102
3	24.664551	0.16				0.315
3	20.8613	0.16				-0.076
2	20.485435	0.161				0.02
1	21.21663	0.1614	0.6819	87.89	3.22	
3	21.869741	0.162				
1	20.257	0.1627				
2	35.68	0.163	0.18		0.017	-0.3
4	25.751974	0.163				0.072
3	23.44281	0.163				-0.149
4	28.122397	0.163				
4	25.216751	0.163				-0.031
1	41.397	0.163506	0.314		0.298	
1	38.14	0.16353	0.04		0.058	
4	25.209715	0.164				-0.533
1	21.08721	0.164	0.112	89.07	20.1	0.1
3	22.714613	0.165				0.02
3	21.40239	0.1652			0.57	0.2
2	28.906009	0.166				0.553
1	35.23319	0.166	0.03	89.86		0.16
5	21.77596	0.1662	0	88.71		0.025
2	23.22182	0.167				-0.138
3	25.09849	0.168				-0.074
2	23.851549	0.168				-0.031
4	22.342989	0.1684	0.022	89.871	0.334	0.023
5	34.14211	0.169	0.33			-0.08
3	30.950851	0.17				-0.535
2	28.574263	0.172				-0.588
4	24.310856	0.172				-0.106
2	31.200751	0.172				-0.157
2	25.660593	0.173				-0.213
2	25.672083	0.175				-0.279
1	25.827	0.176	0.42		0.178	0.03
4	29.221289	0.176				-0.165
2	27.86	0.1768				
2	28.125	0.177	0.14		0.428	0.25
2	34.989262	0.177				-0.163
1	31.6372	0.1779				
3	32.03	0.178	0.05		0.40902	
3	27.50868	0.178	0	89.34		0.02
2	22.824669	0.178				-0.094
3	25.563222	0.178				-0.039
2	25.745718	0.178				-0.026
3	29.022358	0.179				-0.338
2	25.762294	0.179				-0.051
3	29.8454	0.1795	0.267	89.3	0.03083	0.04
3	28.081912	0.18				0.15
2	25.934138	0.18				-0.114
2	25.262887	0.18				-0.151
3	29.33434	0.18	0.042	90.179	0.036	0.18
2	26.695074	0.181				-0.199
2	27.082511	0.181				-0.167
5	27.434389	0.181				-0.131
1	28.67992	0.1814				-0.07
4	30.133001	0.182				-0.156
4	27.666313	0.182				-0.139
2	27.014976	0.182				-0.497
3	36.445171	0.182				-0.289
2	27.320871	0.183				-0.068
3	29.198943	0.184				0.147
4	30.864423	0.185				-0.618
4	26.234138	0.185				-0.053
3	31.56	0.186	0.13		0.0371	-0.05
2	26.84768	0.186				-0.489
3	31.7154	0.1862	0		0.03241	-0.02
3	28.986769	0.187				-0.125
4	27.4029	0.187	0.03	89.48	0.019	-0.073
2	29.726682	0.188				-0.131
2	30.052	0.189	0.2		0.7	0.09
5	30.826557	0.189				-0.136
2	36.065978	0.189				-0.243
3	34.21154	0.189				0.05
1	30.94191	0.1898				-0.14
3	25.262	0.19	0		0.00006	
2	32.625555	0.191				-0.291
2	31.3309	0.191			13.8	0.41
3	31.781925	0.191				0.487
1	26.73	0.192	0.05		0.71	0.343
3	33.884054	0.192				-0.332
2	33.653079	0.193				0.415
2	30.184104	0.193				-0.238
4	48.1345	0.19394	0.12		0.02391	0.02
2	28.7798	0.194				-0.359
6	31.9996	0.195	0.012	88.89	0.025	-0.041
3	34.260281	0.195				-0.286
2	30.93	0.196	0.15		0.076	0.1
3	33.60134	0.1968	0.01	89.038	6	0.41
2	34.096863	0.197				-0.052
3	36.07	0.198	0.015		0.162	0.3
2	31.719775	0.198				-0.151
5	33.040532	0.198				-0.391
3	29.393195	0.2				-0.154
2	31.158799	0.2				-0.302
2	34.763278	0.2				-0.223
2	37.815724	0.201				0.247
3	30.092568	0.201				-0.137
4	36.277108	0.202				-0.028
4	40.114	0.2036	0	90	0.0076	-0.4
2	31.517586	0.204				-0.16
2	33.197861	0.204				-0.188
2	36.77031	0.205				-0.061
6	34.94	0.2055	0.15		0.0628	0.07
2	31.805174	0.207				
2	30.160546	0.207				0.422
2	37.866281	0.207				-0.718
3	44.55983	0.2076		89.38		-0.32
2	32.273273	0.208				-0.112
4	61.1166	0.208317	0.0324	59	2.2756	0.05
2	34.905	0.2099	0.155		0.0553	0.18
3	34.545	0.21		89.59	0.023	0.05
2	34.060467	0.21				-0.027
1	26.468	0.21	0.036		5.4	-0.08
4	35.118736	0.211				0.012
1	39.91488	0.2114				-0.54
5	62.24	0.213	0.02		0.008	-0.55
2	34.035257	0.213				-0.023
4	46.183669	0.213				0.087
2	37.514456	0.213				-0.145
5	31.7844	0.2138	0	88.94		0.025
3	44.000529	0.214				-0.556
3	37.054919	0.214				-0.134
2	36.337373	0.215				0.012
2	41.008011	0.216				-0.38
2	33.416423	0.216				0.078
2	36.924931	0.217				-0.165
2	38.871826	0.217				-0.12
3	38.021	0.2175	0.14		0.057	-0.01
2	43.595792	0.218				-0.911
2	39.8458	0.2196	0.0373		1.0449	-0.31
3	41.194912	0.22				-0.109
4	46.827915	0.22				-0.13
4	38.285489	0.22				-0.052
3	38.715185	0.22				-0.171
3	39.595519	0.223				-0.151
3	35.676062	0.224				0.184
2	35.968	0.2244				0.2
3	38.91	0.225	0.13		0.171	0.12
1	39.93767	0.2257				-0.12
4	45.902733	0.226				
5	37.993273	0.227				-0.202
4	44.840975	0.227				0.155
1	39.475	0.228	0.423		5.45	0.25
2	37.91	0.229	0.3		0.0788	0.122
2	41.885775	0.229				-0.194
1	40	0.23	0.088		0.05078	-0.04
1	43.6	0.23	0.38		0.47	0.29
2	41.749882	0.231				0.008
2	40.714955	0.232				-0.238
4	43.130617	0.236				-0.311
2	45.348269	0.236				-0.567
3	40.101371	0.236				-0.12
6	46.859	0.237	0.138		0.05088	0.11
2	46.90232	0.237				-0.255
2	44.236	0.2388	0.4686		2.12	0.1
1	36.96	0.24	0.14		2.49	0.28
2	47.427737	0.24				0.071
1	41.6855	0.241	0	89.55	0.05129	-0.15
5	44.4175	0.241376	0.02	90	0.1714	0.31
3	41.809118	0.242				-0.274
2	52.661793	0.242				-0.363
2	47.332773	0.242				-0.11
4	42.473269	0.242				-0.139
4	39.459357	0.242				-0.053
1	101.11141	0.242	0.34	89.93		-0.3
4	49.41	0.243	0.23		0.00576	
1	44.505	0.246	0.0593		0.04751	
2	44.851896	0.246				-0.077
3	49.499875	0.246				0.051
5	51.76	0.247	0.02		0.0164	-0.31
2	42.36342	0.2471		89.43		0.42
3	44.699576	0.248				0.194
1	47.84	0.249	0		0.098	0.21
2	40.806231	0.249				-0.19
1	49.77	0.25	0.31		0.057	-0.24
1	57.435	0.25	0.166		0.35	
6	46.6888	0.25	0.013	89.47	0.006	-0.041
5	44.552169	0.25				-0.131
3	45.154	0.2514	0.04		0.007	-0.079
2	53.578637	0.253				0.247
5	41.02902	0.2535	0	89.17		0.025
5	63.33627	0.255	0.33			-0.08
3	51.755394	0.257				-0.777
4	44.431014	0.257				-0.106
3	49.567416	0.259				-0.14
1	58.43	0.26	0.11	90	0.011	-0.33
3	42.6318	0.26			4.7	-0.076
2	51.805612	0.26				-0.009
3	58.034616	0.261				-0.827
1	55.806	0.2643	0		0.186	-0.06
2	56.228098	0.268				-0.016
1	48.056	0.269	0.05		0.21	0.314
3	47.318218	0.269				-0.297
6	49.748	0.2699	0.051		0.0805	0.08
3	47.903645	0.272				0.02
3	52.814973	0.275				-0.298
3	57.011	0.2799	0.0146	87.4	0.376	0.41
3	48.630408	0.28				-0.154
2	50.790391	0.2804	0.0323	89.64	1.84	-0.04
3	55.328328	0.281				0.147
3	56.47542	0.281				-0.299
2	55.01307	0.2831	0.6767		2.802	0.336
2	50.697494	0.286				-0.011
2	54.155743	0.286				0.134
2	60.418955	0.287				-0.067
3	56.633742	0.287				-0.219
3	57.24809	0.287				-0.134
4	52.0902	0.287	0.025	89.93	0.019	-0.073
1	66.65062	0.288	0.02	89.9		0
2	54.418694	0.29				0.136
2	51.645	0.292	0.627		1.8	0.11
2	49.183921	0.292				-0.026
2	58.11247	0.2931	0.52883		7.659	0.04
2	51.078775	0.294				0.422
1	62.218	0.295	0.596		0.229	0.24
2	49.532	0.2962	0.035	89.7	2	-0.25
1	58.83	0.297	0.07		2.98	0.05
3	54.280749	0.297				-0.145
3	60.323105	0.3	0.0111	90.323	2.01	0.18
2	55.188023	0.3				-0.137
2	52.501129	0.301	0.5134	88.17	5.41	-0.07
1	70.46	0.302	0.11		0.3	0.17
5	62.303276	0.303				-0.391
4	54.32031	0.3046	0.019	89.76	0.11	0.023
3	77.473633	0.305				-0.121
3	57.68802	0.307				-0.039
1	121.54	0.311	0.23		0.022	-0.89
2	59.980627	0.312				-0.026
2	67.968015	0.313				-0.223
4	68.16101	0.314				-0.618
2	67.3	0.316	0.12		0.784	0.25
2	67.093408	0.316				-0.157
4	67.831024	0.319				-0.311
2	74.72	0.32	0.13	90	0.0532	-0.04
7	59.73667	0.32		89.71		-0.12
2	62.784697	0.326				-0.045
1	68.27	0.33	0.12		0.77	0.1
1	63.33	0.33	0.03		1.22	0.16
3	66.0634	0.33		89.73	0.013	0.05
2	76.050178	0.332				-0.034
4	124.26	0.3343	0.055	59	0.046	0.05
2	75.765	0.3351	0.22		0.04059	0.16
2	74.920137	0.336				-0.12
1	71.484	0.339	0.114		7.03	0.34
2	64.00205	0.339	0.19	89.93		0.01
2	92.743711	0.341				-0.26
4	90.309	0.3499	0	90	0.015	-0.4
6	77.61130017	0.3506		89.708	0.03168	0.07
1	83.9151	0.353	0.3354		10.98	-0.774
1	66.262	0.3553	0.1181	89.929	0.211	-0.2
2	88.255055	0.356				-0.138
2	67.844469	0.356				-0.106
5	87.090195	0.359				0.238
1	246.36	0.36	0.345	56.6	28.5	
2	75.29	0.36	0.73		0.77	0.21
1	111.7	0.36	0.29		2.1	
2	72.379334	0.36				-0.489
3	66.5419	0.36	0.0186		0.01353	
4	122.6196	0.36175	0.11		0.06636	0.02
1	75.523	0.363	0.252		0.26	0.17
2	76.732171	0.364				-0.302
2	69.7546	0.37	0.833	88.95	2.5	0.176
3	77.095691	0.372				-0.039
6	94.2	0.3753	0		0.034	0.11
3	87.517905	0.377				0.02
2	91.773242	0.38				-0.291
2	83.488369	0.381				-0.027
1	86.647661	0.382	0.772	89.66	1.45	0.27
3	85.312	0.384	0.014		0.013	-0.079
4	81.0659	0.386	0.012	89.13	0.013	-0.073
1	82.467	0.389	0.389		3.76	0.04
2	83.446393	0.391				-0.114
3	92.876125	0.392				-0.299
2	82.20017	0.393				
3	96.678988	0.397				-0.188
3	87.6451	0.4			6.8	-0.076
2	105.356383	0.401				0.415
2	96.101141	0.402				-0.403
4	99.640161	0.404				-0.156
1	95.2738	0.407	0.11	89.99	0.84	-0.01
1	112.3053	0.409	0.04	89.94		-0.37
2	102.54	0.4123	0.052		0.07866	-0.31
2	91.353282	0.414				-0.094
4	94.44	0.415	0.04		0.451	0.35
7	91.93913	0.42		89.79		-0.12
1	101.54	0.422	0.28		10.78	-0.07
5	122.3874	0.427		89.98	0.113	-0.37
5	129.9441	0.432	0.04	89.96		-0.26
2	125.94	0.435	0.31		0.17	-0.14
3	100.283134	0.448				
1	111.4357	0.449	0.9332	89.32	3.94	
1	103.95	0.45	0.307		5.76	0.12
2	107.723601	0.457				0.106
1	122.1	0.46	0.34		0.05	-0.26
1	118.45	0.46	0.37		0.65	0.23
2	88.9	0.46	0.05		1.38	0
3	98.2114	0.46			0.01227	
1	105.599	0.4632	0.032	89.442	0.384	-0.11
6	118.3807	0.466	0.15	89.87	0.079	-0.041
3	217.21	0.47	0.55		0.02423	-0.09
2	120.8	0.4756	0.1528		1.37	0.39
2	110.979	0.4757				0.2
3	123.01	0.476	0.35		0.072	-0.01
1	143.58	0.477	0.14		0.37	0.15
7	124.9144	0.48		89.77		-0.12
2	135.498527	0.48				-0.035
1	116.6926	0.481	0.399		7.4	-0.09
2	114.73635	0.481	0.036	89.274	1.02	-0.17
2	125.596809	0.488				-0.097
1	93.4	0.49	0.06		1.5	-0.03
1	133.71	0.49	0.511		3.37	0.1
6	122.744	0.4929	0.119		0.0722	0.08
1	131.05	0.495	0.708		9.71	0.14
1	177.6693	0.495	0.11	89.94		-0.01
2	125.63243	0.4988	0.39	89.845	0.97	-0.01
1	119.6	0.5	0.35		1.05	0.21
3	143.34394	0.5	0.022	89.841	0.073	0.18
2	127.282184	0.503				-0.238
4	147.02	0.509	0.29		0.01501	-0.4
3	130.194	0.509	0.008		0.024	-0.079
3	125.8518	0.51		89.794	0.42	0.05
2	110.9	0.5137	0.3		0.15	0.545
1	116.596	0.522	0.207		5.14	0.03
1	130.08	0.524	0.24		0.52	0.022
1	141.6	0.53	0.1		1.08	0.07
1	139.35	0.53	0.076		5.78	-0.5
3	154.378	0.53364	0.054		0.675	-0.44
4	162.87	0.538	0.18		0.01237	
1	137.48	0.539	0.26		1.11	0.28
1	133.6	0.54	0.04		2.9	-0.57
2	152.6	0.54	0.02		0.17	-0.12
3	147.73	0.545	0.164		1.28	0.26
5	256.2	0.549	0.08		0.014	-0.55
1	149.61	0.554	0.19		0.04531	-0.09
1	178.1396	0.563	0.03	89.95		0.02
1	124.6	0.565	0.23		9.18	-0.31
2	140.101261	0.566				-0.19
2	161.97	0.57	0.13		0.56	
3	160.018032	0.571				0.147
2	151.884058	0.573				-0.279
1	153.22	0.576	0.001		1.061	-0.22
2	157.072878	0.586				0.154
1	163.967	0.59	0.6		4.73	0.11
1	157.54	0.59	0.01		3.04	-0.15
5	197.8	0.6	0.29		0.0223	-0.31
1	131.458	0.60347	0.042	90.76	0.127	-0.34
1	148.6	0.609	0.38		1.47	-0.17
1	127.58	0.614	0.05		5.9	-0.26
1		0.62			0.01	
3	197	0.63	0.07		0.057	-0.05
2	194.3	0.64	0.17		0.85	
1	207.2482	0.64	0.1	89.97		-0.57
2	242.4613	0.64	0.14	89.85		-0.29
2	188.9	0.65	0.29		2.25	
1	138.317	0.652	0.0702	90.05	0.531	0.21
2	192.9	0.654	0.06		1.82	0.09
2	191.2318	0.676	0.039	89.588	0.02	-0.17
3	247.35373	0.677				-0.556
2	237.6	0.68	0.19		0.33	-0.07
1	136.75	0.68	0		2.8	-0.205
2	226.93	0.6813	0.1684		0.1872	
1	225.7	0.6873	0.3		0.21	0.38
4	201.99	0.689	0.048		1.33	0.35
2	198.4	0.69	0.06		2.5	-0.2
3	257.8	0.698	0.32		0.03304	-0.3
1	181.4	0.7	0.027		3.2	-0.03
1	228.776	0.7048	0.0069	90.032	0.333	-0.3
1	232.08	0.706	0.163		2.68	-0.12
7	210.60697	0.71		89.8		-0.12
5	267.291	0.718		89.9	0.11	-0.37
1	144.3	0.72	0.09		1.98	0.03
1		0.72			0.83	
2	223.6	0.721	0.24		0.36	0.29
2	190.323494	0.721				-0.026
2	223.3	0.73			6.97	0.44
1		0.73			0.72	
1	218.47	0.74	0.404		3.18	-0.17
2	220.078	0.74345	0.3663	90	1.959	0.3
1	192	0.747	0.05		6.575	-0.36
1	227	0.757	0.297		1.8	-0.03
1	157.57	0.76	0.085		1.7	0.15
1	176.3	0.76	0.112		2.9	-0.14
1	177.11	0.76	0.066		7.6	-0.02
2	224.784608	0.761				0.005
2	201.9	0.77	0.26		1.06	-0.26
1	268.94	0.777	0.29		1.47	0.1
5	262	0.788	0.305	90	0.141	0.31
1	240.503	0.7903	0.0359	89.443	0.00063	0.09
2	265.469335	0.791				-0.403
2	248.4	0.8	0.075		1.9	0.05
1		0.8			12.569	
2	262.709	0.8079	0.3768		2.176	0.36
2	258.19	0.81	0.233		1.59	0.28
2	225.62	0.81	0.31		2.88	0.21
1	184.02	0.81	0		2.7	-0.359
1	184.2	0.81	0.02		8.2	0.31
3	241.258	0.827774	0.2596		1.981	
1	282.5255	0.828	0.41	89.83		-0.078
1	185.84	0.83	0		4.8	-0.24
2	255.87	0.83	0.435	90	17.4	0.37
1	187.83	0.83	0.191		1.5	
1		0.84			0.05663	
1	264.15	0.846	0.252		4.01	0.15
1	289.8623	0.849	0	89.764	0.113	-0.29
1	269.3	0.87	0.432		7.1	-0.25
1	298.2	0.87	0.57		0.89	0.17
1		0.87			1.85	
1	282.4	0.875	0.26		0.48	0.21
1		0.883			0.0073	
1	330	0.89	0.36		0.223	0.18
2	345.72	0.89	0.52		1.42	0.1
1	279.8	0.896	0.27		1.37	0.19
2	342.85	0.8972	0.0974		0.6579	
1		0.9			0.02108	
1		0.9			0.39	
1	312	0.91	0.15		2.13	
1	256.78	0.918	0.673		8.44	0.26
1	416	0.92			1.9	
1	324	0.92	0.46		2.83	0.07
1	327.8	0.92	0.83		0.6	0.4
1		0.92			0.02895	
4	310.55	0.921	0.0666		0.5219	0.263
1	331.5	0.93	0.16		0.96	
1	270	0.94	0.63		6.43	0.37
1	358	0.94	0.24		0.64	
1		0.94			0.01007	
1	380.85	0.947	0.75		1.99	0.04
1	199.505	0.95	0.09		8.3	
1	325	0.96	0.35		3.58	0.32
1	361.1	0.99	0.03		0.9	-0.3
2	303.137	0.991	0.411	89.825	28	-0.25
1	335.1	0.995	0.289		9.88	0.245
1	392.6	1	0.2		0.91	-0.2
2	352.3	1	0.15		0.73	-0.08
3	431.7	1.01	0.27		0.5267	
7	331.60059	1.01		89.6		-0.12
2	349.7	1.02	0.17		1.25	0.09
2	391.9	1.02	0.16		0.82	
1	363.2	1.02	0.41		0.34	-0.12
1	383.7	1.03	0.36		1.16	-0.27
1	297.3	1.03	0.33		0.61	-0.07
2	379.1	1.03	0.28		2.25	
3	603.95116	1.0304	0.373		0.0925	0.1
1	385.9	1.032	0.092		5.59	0.12
2	395.8	1.038	0.082		1.29	0.19
1	384.843	1.046		89.806		0.21
1	386.3	1.05	0.5		1.62	0.21
1	352.7	1.05	0.07		1.4	0.21
1	326.6	1.06	0.12		1.3	0.05
2	421	1.07	0.294		3.18	0.06
1	341.7	1.073	0.13		1.15	0.25
1	433.7	1.08	0.19		6.5	-0.74
2	352.2	1.08	0.17		3.06	0.25
2	453.019	1.084	0.303	30	1.769	
1	299.36	1.086	0.05		6.92	0.15
1	288.822	1.0896	0.182	90.355	0.22	-0.07
1	359.5546	1.096	0.84785		10.57	0.17
1	388	1.1	0.34		9.1	-0.12
1		1.1			4.8	
1	357.8	1.1	0.09		2.4	0.36
1	277.02	1.1	0.106		1.7	-0.24
1	439.3	1.105	0.09		0.502	0.315
1	434.5	1.13	0.2		2.89	0.09
1	499.48	1.134	0.549		1.56	-0.26
1	598.3	1.135	0.3		0.328	0.08
1	442.19	1.138	0.476		1.29	0.214
1	692	1.15	0.11	45	2.5	0.36
1	345.53	1.15	0.129		2.4	-0.15
1	493.7	1.16	0.144		1.1	0.21
1	323.6	1.16	0.21		2.7	-0.22
1	501.75	1.16	0.15		5.21	-0.18
1		1.16			0.0045	
1	528.07	1.167	0.8191		13.65	-0.37
1	305.5	1.17	0.031		20.6	0.14
2	437.05	1.1735	0.52		1.82	0.453
2	525.8	1.18	0.32	90	0.076	-0.04
2	441.47	1.18306	0.162	90	1.681	0.3
1	479.1	1.19	0.38		3.88	-0.46
1	356	1.19	0.041		2.3	0.14
1	472.3	1.19	0.61		0.58	0.03
2	360.2	1.19	0.13		2.37	0.01
1	418.2	1.19	0.1		2.51	0.27
1	428.5	1.19	0.144		8.78	
1	354.8	1.2	0.094		1.9	
1	311.6	1.2	0.129		1.6	0
1	492.3	1.2	0.096		0.33	-0.2
1	480.5	1.2	0.07		6	-0.323
1		1.2			3.9	
1	380.8	1.2	0.25		1.8	
1	461.2	1.203	0.137		1.5	0.289
1		1.21			11	
1	704.1984	1.219	0.041	89.965		-0.25
1	373.3	1.22	0.111		2.3	-0.21
2	406.6	1.2218	0.009		1.49	0.545
1	436.9	1.23	0.112		1.8	-0.02
2	663.2	1.24	0.14		0.36	-0.24
5	637.2093	1.24		90		-0.136
1	456.1	1.25	0.08		3.09	-0.03
1	387.1	1.25	0.168		1.7	-0.11
1	466	1.26	0.3		0.5	0.16
1	428.1	1.271	0.06		1.56	0.42
1	511.098	1.275	0.7124		8.82	0.29
1	499.4	1.28	0.34		2.73	-0.01
1	526.62	1.28	0.903		1.56	0.2
1	482	1.28	0.11		5.01	-0.18
2	567.94	1.282	0.49		0.33	0.23
1	326.03	1.29	0.231		19.4	-0.35
1	535.6	1.29	0.35		9.4	-0.49
2	408.6	1.291	0.46		2.24	-0.2
1	481.9	1.3	0.2		6.4	-0.71
1	578.2	1.3	0.21		4.2	-0.46
1	606.4	1.3	0.24		2.7	-0.18
1	533	1.3	0.64		6.1	-0.32
2	572.4	1.3	0		1.26	-0.12
1	498.9	1.3	0.71		0.68	0.34
1	417.9	1.3	0.11		6.7	-0.094
1	466.2	1.305	0.063		1.37	0.27
1	431.8	1.31	0.101		3.1	0.09
1	464.3	1.32	0.255		2	-0.07
1	528.4	1.32	0.26		1.21	0.06
1	420.77	1.32	0.089		1.7	0
1	550	1.32	0.59		1.98	-0.49
2	452.8	1.333	0.09		1.99	-0.03
4	636.13	1.334	0.16		0.01237	
1	655.6	1.34	0.54		5.1	-0.03
1	572.38	1.347	0.725		7.75	-0.029
1	491.54	1.36	0.23		2.3	0.03
1	615	1.36	0.19		0.29	0.28
3	559.4	1.37	0.46		3	0.23
2	559.3	1.37	0.048		10	-0.2
1	479	1.39	0.09		1.6	0.04
1	597.065	1.397	0.956		1.43	0.01
1	443.4	1.4	0.06		2.6	0.2
1	396.03	1.4	0.257		22	0.2
1	647.3	1.4	0.3		4	-0.24
1	522.3	1.4	0.19		6.1	-0.27
4	580.7	1.41	0.36	87	1.57	0.36
1	623.8	1.42	0.13		0.87	-0.16
6	604.67	1.427	0.263		0.0732	0.08
2	649	1.44	0.33		1.42	-0.306
2	379.63	1.45	0.15		21.42	-1
1	628.96	1.46	0.1		6.47	-0.27
1	689	1.48	0.074		1.5	-0.46
2	577.9	1.48	0.078		0.96	0.21
1	653.22	1.4877	0.41		9.316	0.12
4	643.25	1.497	0.128		1.08	0.263
2	626.5	1.51	0.3567		3.67	0.3
1	507	1.51	0.157		1.2	0.05
1	521	1.52	0.291		1.8	0.28
1	788	1.52	0.41		0.132	-0.07
1	516.22	1.54	0.08		10.5	0.04
1	730.6	1.596	0.102		2.45	-0.15
1	672.1	1.6	0.14		11.1	-0.25
2	551.4	1.6	0.15		1.96	0.27
2	600.1	1.6	0.03		2.51	-0.26
1		1.6			0.47	
2	613.8	1.601	0.04		1.85	-0.15
1		1.61			0.07362	
1	760	1.613			23.7	
1	589.64	1.64	0.02		2.3	0.07
1	937.7	1.65	0.23		1.24	-0.08
1	562.1	1.65	0.1		2.9	0.2
1	828	1.65	0.052		0.804	-0.284
1	705	1.65	0.066		1.3	-0.31
2	641	1.6697	0.02		1.76	0.15
1	857.5	1.67	0.2		1.6	-0.09
1		1.67			2.8	
1	610	1.68	0.229		2.2	0.14
2	675.47	1.68	0.184	88	7.3	0.176
1	798.5	1.681	0.681		1.68	0.038
1	696.3	1.7	0		10.7	0.26
1		1.7			4.6	
1	1170	1.7	0		3.2	
1	605.2	1.7	0.08		7.8	-0.29
3	885.5	1.71	0.125		0.652	-0.44
1		1.72			0.27	
2	921.538	1.74	0.159	55.95	3.789	
1		1.75			0.56	
2	872.2	1.752	0.494		4	0.33
3	962	1.76	0.28		0.64	0.33
1	851.8	1.76	0.4		6.1	-0.18
1	670	1.78	0.054		2.1	0.18
1	956	1.78	0.26		0.37	-0.53
1	912	1.8	0.117		1.8	-0.06
1	780.3	1.81	0.08		1.47	0.4
4	1051.1	1.812	0.323	45	6.7	0.23
1	825.9	1.82	0.03		4.51	0.07
1	1982	1.82		52	2.56	
1	871	1.83	0.08		1.56	0.05
1	471.6	1.85	0.27		14	
1	842.2	1.88	0.22		0.74	-0.12
3	952	1.89	0.173		0.57	0.26
4	1071.23228	1.89	0.062	89.976		-0.03
1		1.89			0.88	
1	745.7	1.9	0.4		5.3	-0.26
1	792.6	1.9	0.19		1.4	
2	530.32	1.9	0.1256		24	
1	772	1.92	0.12		2.7	-0.04
1	963.6	1.92	0.778		1.79	0.29
2	1008	1.922	0.133		6.56	0.1
1	796	1.93	0.22		2.46	0.21
1	711	1.93	0.4		6.54	-0.21
1	712.13	1.93	0.2		7.32	0.69
1	594.9	1.93	0.151		7.6	
1	1001.7	1.94	0.526		6.86	-0.16
2	825	1.95	0.181		0.895	-0.15
1	1143	1.97	0.2		6.8	-0.36
1	974	1.98	0.34		5.61	
1	1046.2	1.98	0.193		3.48	0.22
1	1129	2	0.85		3.5	0.04
1	818.8	2	0.04		2.6	0.08
1		2			1.5	
2	621.99	2.01	0.18		12.47	-1
1	989.2	2.015	0.15		0.94	0
1	778.1	2.03	0.211		5.9	0.3
2	931	2.03	0.12		5.13	0.01
1	951	2.03	0.45		4.5	
1	986	2.05	0.47		0.75	0.05
1	903.3	2.05	0.049		1.85	
1	1038.1	2.07	0.18		1.9	-0.24
1	1035.7	2.07	0.22		0.79	
1	1049	2.07	0.27		0.79	0.14
2	886	2.071	0.15		1.15	0.15
2	883	2.08	0.29		0.86	-0.03
1	883	2.09	0.163		2.2	0.25
4	1069.8	2.09	0.074		1.18	0.35
3	1078	2.1	0.032		2.53	0
1	691.9	2.1	0.117		3	0
1	714.3	2.1	0.21		10.6	
1	1145	2.1	0.11		0.67	0.3
1	875.5	2.1	0.08		9.9	-0.09
1	822.3	2.1	0.07		2.4	0.2
1		2.1			0.06607	
1	1114	2.11	0.167		0.95	-0.262
2	1155.7	2.112	0.27		0.73	
2	1201.1	2.115	0.126		0.33855	0.16
1	1075.2	2.131	0.099		6.21	0.17
1	835.477	2.14	0.462		11.09	0.19
1	868	2.14	0.365		1.4	0.14
1	995.4	2.148	0.637		4.77	0.37
1	1116	2.15	0.81		1.16	0.06
3	1002	2.16	0.2		5.61	0.2
1	874.774	2.18	0.125		2.21	-0.13
1	1103	2.18	0.03		3.07	0.29
1	1260	2.198	0.256		3.06	0.03
1	1179	2.2	0.12		1.11	0.39
1	1120	2.23	0.715		6.11	0.315
2	916	2.24	0.13		1.75	0.27
2	1178.4	2.25	0.01		2.1	-0.08
1	1667	2.28	0.05		0.53	-0.48
1	1189.1	2.28	0.464		5.97	0.27
1	1362.3	2.28	0.459		2.4	-0.24
1	1275	2.3	0.82		1.11	-0.11
2	1788.5	2.3			0.73	
1	1173	2.306	0.123		1.61	0.29
1	1159.2	2.315	0.778		1.373	0.29
1	1845	2.32	0.05		0.91	
1	1256	2.32	0.29		1.82	0.21
1	1043	2.335	0.11		2.1	0.11
1	1244	2.35	0.41		0.38	0.56
1	1293	2.353	0.501		4.954	-0.04
1	1125.7	2.36	0.1		9.76	-0.13
1	1333	2.37	0.48		2.58	0.22
1	1319	2.38	0.4		13	-0.135
1	677.8	2.38	0.19		19.8	-0.12
2	1276	2.39	0.21		3.71	-0.27
2	1353.6	2.395	0.249		0.35061	0.23
1	1290	2.4	0.54		7.8	0.19
1	1214	2.4	0.44		1.5	0.34
1		2.4			0.16	
1	2288	2.41	0.21		0.82	0.3
2	1314	2.42	0.12		2.29	0.21
2	1000	2.42	0.5		2.4	-0.01
2	1818	2.44	0.2		0.93	-0.24
1	1027	2.45	0.52		0.85	0.29
1	1313	2.45	0.15		0.68	0.06
1	952.7	2.5	0.206		5.3	-0.06
3	1276.46	2.51329	0.2987		4.132	
1	1523	2.54	0.4		2.6	0.17
1	1378	2.54	0.228		2.9	0.229
2	1383.4	2.55	0.267	90	2.44	0.37
1	1058.8	2.55	0.61		20	0.29
1	1733	2.56	0.37		0.266	-0.19
1	1311	2.56	0.07		1.26	0.244
1	2557	2.59			0.25171	
1	993.3	2.6	0.08		10.3	-0.052
1	10037.5	2.6			10.5	
1	3285	2.6			0.017	
1	1531	2.611	0.482		6.92	-0.07
1	1544	2.62	0.22		1.49	
2	1624	2.659	0.239		0.99	0.19
1	1684	2.69	0.18		0.47	0.13
1		2.7			0.11012	
2	1627.5	2.708	0.37		4.21	0.29
1	1270	2.72	0.17		3.6	0.04
1		2.72			0.53	
1	1107.5923	2.7205	0.0581	90.097	1.51968	-0.14
1	1773.4	2.77	0.369		4.64	0.43
1	1299	2.77	0.09		1.9	0.23
1	1561	2.772	0.266		7.71	0.33
1	1606.3	2.8	0.259		8.52	0.3
1	1560.2	2.8	0.16		5.5	-0.15
2	1916.25	2.8	0.05		7.7	
1	1261.94	2.8	0.044	60	2	0.15
3	1862	2.807	0.16		0.696	-0.44
1	1084.5	2.81	0.13		6	0.16
2	1708	2.8145	0.031		1.812	0.36
2	1749.83	2.8373	0.2113		17.193	0.04
1	1695	2.84	0.15		0.92	0.05
1	1475	2.86	0.7		7	
1	1840	2.9	0.7		1.6	0.25
3	2172	3	0.48		0.54	0.33
1	1845	3.02	0.08		0.95	-0.11
1	1634	3.02	0.723		14.2	
1	1928	3.03	0.53		5.1	0.19
1	1770	3.067	0.074		1.103	0.232
6	2247	3.11	0.06		0.34	0.11
1		3.11			0.51	
1	1966.1	3.13	0.59		1.34	
2	1945	3.16	0.041		0.622	0.122
2	2024.1	3.167	0.0946		4.28	0.18
1	1951	3.17	0.638		18.15	0.32
1	1877	3.18	0.154		19.2	0.17
1	1973	3.18	0.465		2.82	0.31
1	2093.3	3.2	0.4		1	-0.04
1	2774	3.2			0.033	
1	2068	3.23	0.034		1.97	0.164
1	2208	3.25	0.12		1.45	-0.12
1	2157	3.27	0.241		1.78	
1		3.3			4.1	
1		3.3			0.06	
1	2209	3.36	0.16		1.06	0
1	2151	3.38	0.6405		10.27	0.048
6	2205	3.381	0.095		0.2066	0.08
1	2502	3.39	0.702	30.1	1.55	-0.13
1	1455	3.4	0.533		7.8	-0.1
1	2372	3.41	0.07		0.7	0.11
1	2443	3.43	0.08		2.54	-0.11
2	2883.5	3.43	0.19		2.3	
1		3.45			2.73	
1		3.5			0.04436	
2	2111	3.52	0.098		3.48	0.21
2	3657	3.56	0.08		0.68	-0.3
1	2496	3.56	0.1		1.56	-0.06
2	2524.4	3.58	0.184		8.08	0.33
3	2391	3.6	0.098		0.54	0
2	2102	3.6	0.33		4.04	0.21
1	2754	3.6	0.53		1.78	
1		3.6			3.8	
2	2140.2	3.712	0.341		13.38	0.51
1	2840	3.73	0.8369		16.35	0.22
1	2597	3.79	0.144		1.88	0.266
2	2720	3.814	0.013		3.366	0.336
2	2131.8	3.82	0.17		5.98	0
2	2473	3.85	0.432		8.06	0.11
1	2482.7	3.86	0.23		1.71	
2	2374	3.86	0.76		4.85	0.25
1	1630	3.9	0.13		4.1	
1	2899	3.98	0.52		2.18	0.16
2		4			0.145	
2	2915	4.01	0.313		1.56	0.25
1		4.14			0.09439	
1	3342	4.19	0.044		0.947	
1	2590	4.2	0.35		1.6	-0.19
3	3008	4.2	0.28		7.2	0.23
1	2890	4.3	0.402		11	0.08
1	2082	4.3	0.66		4.5	0.09
1		4.3			11.6	
1		4.3			2.6	
2	3070	4.35	0.239		3.57	0.3
1		4.4			3.09	
1	3117	4.43	0.4		1.53	0.01
2	3568	4.49	0.49		0.42	-0.306
1	4100	4.5	0.37		2.3	0
2	4927.5	4.5	0.15	64	0.27	
1	3630	4.59	0.572		9.61	0.03
1	2730	4.6	0.053		2.28	
2	2732	4.6	0.23		2.37	0.01
1	3658	4.74	0.22		3.15	-0.02
2		4.8			0.86	
2	3810	4.89	0.252		1.99	0.16
1	2556.5	4.91	0.59		11.1	0.15
1	3668	4.92	0.04		4.01	0.206
1	3724.7	4.94	0.51		1.45	
4	5000	5	0.26		0.66	0.35
1	3638	5.02	0.66		6.9	0.18
1	3999	5.1	0.16		1.9	-0.11
1	4218	5.15	0.02		1.88	0.03
1	3827	5.16	0.25		0.48	0.18
1	4375	5.2	0.06		4.6	0.41
4	4205.8	5.235	0.0985		1.814	0.263
2	4323	5.28	0		9.45	
1	4343.5	5.3	0	17.6	4.2	
2	4270	5.32	0.517		2.6	0.37
2	5573.55	5.35	0.08		7.33	
2	3452	5.36	0.06		2.58	-0.2
1		5.4			4.1	
1	5144	5.42	0.734		3.53	-0.09
3	5174	5.448	0.389		5.415	0.3
1	4885	5.5	0.57		3.1	-0.48
2	4850	5.5	0.71		7.79	0.18
5	4825	5.503	0.019	90	3.878	0.31
2	5584	5.6	0.39		3.4	0
1	4951	5.6	0.85		6.8	0.02
2	5000	5.8	0.12		0.82	0.28
2	5840	5.9	0.04		6.3	
2	4791	5.96	0.8115		15.1	0.19
2	3186	6.1	0.165		27	
2	5769	6.15	0.61		2.5	-0.281
1	5501	6.22	0.77		10.39	-0.13
4	7337	6.6			6.8	0.23
1	5894	6.7	0.38		2.71	-0.01
2	6005	6.8	0.21		5.3	0.09
2	6700	6.95	0.24		2.17	0.453
2	9017.76	7.7	0.14		15.04	0.1
1		8			22	
1	10220	8.19	0.39		6.05	
1		8.3			3.7	
1	7665	9.1	0.08	88.9		
2	11613	9.89	0.22		7.6	0.33
1		10.2			8.4	
3	14002	11.6	0.16		1.64	0
1		13.2			2	-0.027
4	18000	14.5				
2		14.7		50		
1		15			7.5	
1		18			0.18	
2		18.6		50		
1	17337.5	20.25	0.715		9	
1		20.3			30	0.02
1		23			2.5	
4	37000	24			10	
4	69000	38			10	
1		43.5			4	0.28
1		46			4	
1		52			24.5	
1		53				
1		55			13.616	-0.36
1		55.7			5	
4	170000	68			7	
1		92			9	
1		100			20	
1		102			11.2	
1		156			13.9	
1		157			9	
1	555530	160	0.87	55		
1		210			12.569	
1		210			16	
1		230			12.5	
1	7300000	243			14	
1		260			13.5	
1		320			16	
1		330			8	
1		330			11	
1		440			17	
1		487.1			24.09	
1		650			11	
1		670			14	
1		740			23	
1		773			21.9987	
1		800			16	
1		1168			6.28536	
1		2000			11.3	0.1
1		2500			7.5	
1	7336.5		0.26	46.2	20.95	
1	1.5089557		0	85.1	1.03	-0.3
1	4.2568		0	85.9	21.66	
1	21.169619		0.18	89.5		0.14
2	0.571308		0	80.2		0.025
2	13.341245		0	87.2		0.025
4	3.6005		0.262		0.014	0.23
4	35.39		0.125		0.025	0.23
2	2.91625		0.0133	83.4	0.851	0.41
2	446.27		0.6616		14.28	0.41
1	4.113775		0		0.45	0.05
1	2.8758911			84.55	0.368	0.36
1	359.9		0.166		4.6	0.22
1	29.01		0.11		0.02825	-0.62
1	2.2185752					-0.03
1	3.52474859			86.929		
1	6.0881		0.086		0.917	0.13
1	963		0.74		2.54	-0.09
1	1.3283		0.081		18.37	
5	15.5712			88.4		-0.11
5	31.6978			89.58		-0.11
5	156					-0.11
5	131					-0.11
5	324					-0.11
1	19.3044		0.31		0.08495	-0.07
1	1.673916		0.24	85.1		0.14
1	14.677286		0.1	89.4		0.14
1	9.915615		0.1	89		0.14
1	1.97419		0.18	88		0.14
1	3.484552		0.27	88.3		0.15
1	5.424865		0	89.1	3.7	
1	8.199796		0.14	88.7	1.9	0.29
1	8.4061				1.1	0.42
3	0.2197					
3	0.32528					
3	0.81161					
1	854.083			89.861		-0.04
1	1322.3			89.973		-0.42
2	440.7813			89.904		-0.38
1	1320.1			89.799		-0.5
1	840		0.15		11.8	-0.02
2	31.8099			89.3		-0.16
2	75.2			89.701		-0.16
1	572.3847			89.768		-0.28
2	10.95416		0.05593	89.055	0.027	0.2
2	45.294301		0	89.59	0.054	-0.15
3	6.88705				0.023	0.02
3	12.8159					0.02
3	35.3331					0.02
1	120.0181272					0.35
1	14.30511983					-0.03
1	4.33642933					0.04
1	3.55485691					0.01
1	5.28789787					-0.04
1	6.49801525					0.02
1	19.76172042					-0.4
1	5.18500207					0.03
1	12.43931193					-0.01
1	11.35011917					-0.12
1	34.2685705					-0.01
1	5.75322197					0.08
1	5.50860439					0.05
1	18.93054959					0.04
1	16.57110363					-0.06
1	16.00494214					0.06
2	1.95452434					-0.03
2	105.6551369					-0.03
1	7.23400469					0.04
1	49.1013514					-0.05
1	1.41122985					0.01
5	5.28696					0.18
5	7.07142					0.18
5	10.3117				0.012	0.18
5	16.1457				0.028	0.18
5	27.4536					0.18
1	96.9151496					0
1	13.47469571					-0.05
1	10.99469878					0.06
1	62.1387714					0.05
1	66.4162133					-0.1
1	37.3229493					-0.03
1	36.5156053					-0.02
1	1.9078052					-0.06
1	2.51462432					-0.09
1	4.41769648					0.01
2	15.9654				0.031	0.07
2	179.612				0.114	0.07
1	19.32952416					-0.01
1	1.22621732					0.03
1	3.29011795					0.16
1	7.56052806					0.06
1	12.12400943					-0.06
1	2.71407755					-0.03
1	122.8808058					0.04
1	1.06378867					-0.03
1	148.4603382					-0.04
1	0.93488424					0.01
1	201.1214					0.01
1	24.7576421					0.01
1	10.13202575					-0.1
1	38.5053398					-0.11
1	6.77408868					0.04
1	26.41045478					-0.03
1	14.37508035					0
2	56.1886887					0.29
2	3.18897601					0.29
1	6.92101021					0.01
1	3.27346074					-0.33
2	7.1262				0.01447	-0.19
2	15.3787546					0.03
2	21.1284569					0.03
1	25.96200249					0.04
1	34.8538276					0
1	2.41435165					0.1
1	4.30655689					0.09
1	2.29503623					-0.02
1	27.495606					0.02
1	14.08827448					0.01
1	110.96546					-0.06
1	3.76419105					-0.15
4	6.16486					-0.12
4	13.5708				0.033	-0.12
4	23.9802					-0.12
4	43.8445				0.035	-0.12
1	46.8779367					-0.03
1	2.75798267					-0.03
1	9.30412078					0.11
1	14.07971466					0.09
1	16.54080322					0
2	3.60930891					-0.01
2	2.37030743					-0.01
1	1.93155984					-0.03
1	0.76212926					0.03
1	16.92344113					0.03
1	23.8990296					0.04
1	6.2216147					0.03
1	6.1799844					0.01
1	1.5690665					0.07
2	8.67888593					0
2	4.02582254					0
1	5.94566534					-0.06
1	1.52372816					-0.17
1	6.14727918					-0.01
1	34.3511874					0.03
1	3.00725242					-0.01
1	13.24503188					0.21
1	77.2548396					0.09
1	3.85691855					0.01
1	1.5432066					-0.06
1	33.4177993					-0.02
1	2.05333679					-0.02
1	219.3217528					0.08
2	18.78425728					0.06
2	161.5163345					0.06
1	0.69384285					0.01
1	23.12748644					0.05
1	5.13248562					-0.09
2	6.48163					-0.08
2	21.2227					-0.08
1	198.680179					-0.04
1	1.43474156					0
1	58.6017925					-0.09
2	25.0824626					-0.01
2	89.722292					-0.01
1	78.1000231					0.06
1	4.27103091					-0.09
1	2.89221751					-0.1
1	187.747029					-0.11
1	2.54307286					-0.02
1	2.16845259					-0.02
1	6.42200058					0.05
1	81.3151059					-0.04
1	51.3285623					-0.08
1	19.79191978					-0.01
1	5.03728015					0.13
1	4.42157218					0.28
1	1.25275217					0
1	0.57103852					0.01
1	4.51005748					-0.09
1	37.6467384					0.04
1	9.69312032					-0.16
1	8.79617863					0.02
1	14.36267939					0.04
1	42.3004954					0.18
1	14.97435694					-0.08
1	23.5540725					-0.51
1	41.6977827					0.01
1	4.79028459					0.03
1	38.6715075					0
1	8.3265153					0.03
1	2.94902905					-0.04
1	13.15141081					0.12
1	42.1917357					-0.03
1	4.33946454					0.05
1	2.85234897					-0.59
1	17.6700642					-0.09
1	108.593329					-0.26
1	5.12330347					0.04
1	61.6178167					0.04
2	24.3397804					-0.04
2	76.5369586					-0.04
2	4.754				0.037	0.05
2	8.92507					0.05
1	5.45298175					-0.06
1	3.53232449					0.05
1	62.8916228					-0.01
1	11.55562343					-0.02
1	17.13263989					-0.1
1	76.957857					0.02
1	2.36172433					0.03
1	23.9210791					0.05
1	3.17060005					0.04
1	0.81316672					0.05
3	8.041				0.009	-0.003
3	11.776				0.012	-0.003
1	24.0862707					-0.08
1	2.34451194					0.04
1	18.3027248					0.02
2	2.88890485					-0.06
2	210.630591					-0.06
1	17.14647302					-0.03
1	3.97076766					-0.13
1	2.3522658					-0.06
1	10.62784997					0.11
1	1.10446351					-0.02
1	3.73089898					0.02
1	2.78786839					0.01
1	65.6478424					-0.11
1	1.64680191					-0.25
1	1.75583533					0.03
2	5.1856142					0.04
2	8.45808312					0.04
1	33.469743					0.04
1	11.89520511					0.02
1	4.45743164					0.05
1	13.5396293					0.18
1	22.70816791					0.04
1	7.97034958					0.01
1	10.71252541					-0.35
1	32.5637069					-0.03
1	6.11786898					0.02
1	3.97599768					-0.03
1	9.478522					0.05
1	33.2406882					-0.02
1	1.00393374					-0.05
1	55.8226539					0.13
1	6.11009134					0.26
1	9.98969327					-0.09
1	1.44259224					-0.01
1	26.0204423					-0.04
1	0.7698536					0
1	6.89225223					-0.04
1	37.94563					-0.04
1	24.1738579					-0.01
1	106.247547					0.02
1	31.80634					-0.05
1	2.68505749					-0.03
1	16.8601286					0
1	4.89337519					0.03
1	11.17394617					0.01
1	28.5057189					0.04
1	53.5991044					-0.04
1	104.3518976					-0.04
1	16.07677615					0
1	18.87064068					-0.01
1	17.1369543					0
1	3.78858982					0.08
1	10.45843441					-0.02
1	5.60014851					-0.08
1	25.2034787					-0.16
1	2.83265213					0.12
1	16.22371307					0
1	8.49642241					-0.25
1	66.1849031					0
1	2.03231845					0.06
1	7.6847716					0.03
1	15.0447198					-0.27
1	1.11854972					0.04
1	15.18725932					0.03
1	28.6851324					0.06
1	0.58800076					0.01
1	85.7350285					0.06
1	1.07839035					-0.04
1	1.21699766					0.07
1	13.68237119					0.05
1	11.08507637					-0.03
1	25.369116					0.12
1	8.07124073					0.04
1	11.01816836					-0.08
1	12.94130146					0.03
1	5.34982412					0.13
1	18.82634264					0.05
1	4.76703963					0.01
1	4.37034536					0.03
1	2.03232507					0.07
1	22.9221266					-0.02
1	16.10467749					0.05
5	56.268				0.113	-0.202
1	7.42693741					-0.04
1	12.00096042					0.09
1	1.91694425					-0.04
1	16.301259					0.04
1	13.32351601					0.14
1	7.01075434					0.01
1	17.2923453					-0.08
1	94.2887577					-0.04
1	0.57736958					-0.18
1	86.828989					-0.06
1	9.95661537					0.01
1	10.41725184					0.06
1	26.7839183					0.06
1	45.1263042					0.02
1	11.94014029					0.01
1	4.16055856					0.01
1	31.0571618					-0.09
1	84.5733226					0.12
1	4.14787559					0.05
1	5.19104016					0.22
1	4.8663815					0.04
1	18.5525701					-0.09
1	13.62798432					-0.05
1	16.8320729					0.01
1	3.70428172					0.05
2	4.35409304					-0.01
2	2.93658468					-0.01
1	11.32271513					-0.03
1	13.71220213					-0.05
1	7.46725407					0.24
1	24.3347127					0.06
1	2.60754383					0.04
1	45.0904643					-0.04
1	15.0540329					0.03
1	68.8861915					-0.14
3	9.99113313					-0.1
3	3.60084276					-0.1
3	5.72717226					-0.1
1	36.2919336					0.02
1	12.4127754					0.05
1	2.66831376					-0.09
1	0.98494017					-0.07
1	0.66308526					-0.07
1	19.1187753					0.01
1	48.4308991					0.03
1	8.67900242					-0.02
1	4.55139967					-0.03
1	0.96852602					-0.02
1	6.49441289					-0.1
1	28.474748					-0.07
1	13.0313945					0.07
1	40.9903986					0.05
1	37.3331536					0.07
1	6.03356196					-0.02
1	3.0255955					-0.01
1	51.1309704					0.06
1	28.625653					0.03
1	6.98152703					0.11
1	3.65691115					0.04
1	12.5720095					-0.02
1	40.8365012					-0.01
1	3.23941344					0.02
1	23.4774101					0.06
2	15.09				0.097	-0.048
2	22.804				0.105	-0.048
1	66.5579057					0.04
1	3.11602791					-0.04
1	2.13194651					0.01
1	12.9460978					0.04
1	0.66407381					0.03
1	14.7967458					0.16
1	11.25402929					0.03
1	11.47685909					-0.05
1	2.76122421					0.14
1	7.99019627					0.02
1	4.69500134					-0.02
1	8.63043276					-0.04
1	3.27646405					0.08
1	5.57654784					0
1	115.6862258					-0.03
1	3.81371974					0.04
1	8.3839865					-0.04
1	1.68189002					-0.04
1	7.12811928					0.13
1	19.9400874					-0.01
1	22.2419092					0.05
1	9.08237046					0.01
1	8.83922659					0.04
1	7.56127224					0.04
1	16.1288853					-0.05
1	13.5630972					0.01
1	16.29595382					0
1	18.01621096					0.06
1	2.10433812					-0.13
1	28.8432647					-0.03
2	16.092				0.051	0.12
2	25.5169				0.026	0.12
1	0.67933627					-0.07
2	11.1726994					0.09
2	2.53573424					0.09
1	5.44832529					-0.02
1	3.83309118					0
1	5.42474928					-0.22
1	0.84338011					0.07
1	87.9732136					0.03
1	0.56887443					-0.01
1	213.257663					-0.01
1	2.88676265					0.44
4	110.2869374					-0.053
1	0.86838653					0.1
2	11.12830484					-0.45
2	2.22649109					-0.45
1	0.96286738					-0.07
1	0.92990668					0.02
1	4.11584468					0.05
1	33.8786838					0.01
1	42.3514267					0.02
1	14.88801098					-0.03
1	4.52158888					0
1	9.33646594					0.02
1	10.10769068					0.08
1	0.78916165					0.05
1	11.87456832					0
1	109.6471842					-0.04
1	15.64591713					-0.03
1	6.26406846					-0.07
2	23.198681					0.05
2	5.77721211					0.05
1	24.4002549					-0.09
1	0.93511806					0
1	1.34155513					0.01
1	0.66502692					0.07
1	132.9968322					0.19
1	2.21571036					0.03
1	3.35183158					-0.16
1	4.7683049					0.06
1	44.6169557					0.04
1	3.40165668					0.04
1	14.00947528					-0.11
1	27.5722742					-0.01
1	2.12823928					0.03
2	4.4968604					-0.06
2	1.76678906					-0.06
1	0.91614077					-0.03
1	1.87788275					0
1	24.7543966					-0.06
1	76.613377					0.03
1	1.28958811					-0.04
1	0.63400294					-0.02
1	3.0091324					-0.06
1	7.06317341					-0.08
1	59.4970952					0.11
1	40.5286413					0.06
1	3.57554956					0
1	136.205626					0.06
1	2.94194094					-0.09
1	13.32196237					0.04
2	7.69993485					0.03
2	4.77468005					0.03
1	2.16457097					-0.02
1	1.57409027					-0.06
1	0.67564949					0.1
1	25.873148					0
2	20.2641684					0.05
2	7.44142113					0.05
2	3.4462039					-0.07
2	2.00541269					-0.07
1	1.31155557					0.05
1	1.29123275					0.03
1	10.65276707					-0.13
1	3.3004192					0.09
1	5.30880656					0.07
1	0.74092842					0.05
1	11.95398936					0.03
1	0.88184115					-0.04
3	10.3126				0.00021	-0.28
3	13.7813				0.0062	-0.28
3	23.0881				0.00201	-0.28
1	10.3108245					0.1
1	25.3842686					-0.1
1	16.3583055					0.3
1	13.9093583					0.03
1	15.36262753					-0.06
1	2.88879862					0.41
1	6.73972381					0.11
1	2.27952666					0.02
4	12.2854603					0.02
4	5.53608151					0.02
4	20.9568158					0.02
4	37.6327084					0.02
1	99.2530951					-0.14
1	6.48021673					-0.01
1	54.4092333					0.04
1	15.1410397					-0.11
1	2.44357812					-0.09
1	3.93766373					0.06
1	3.78470649					0.12
1	18.2206421					0.04
1	47.449955					0
2	2.78815679					0.01
2	4.13827595					0.01
1	1.63865306					-0.03
1	6.790123		0.035	90	8.4	0.12
1	9.06689421					0.04
1	11.20066445					0.04
1	2.03387914					0.03
1	5.19492202					0.03
1	15.9314739					-0.09
1	28.2274184					0.03
1	11.62905828					0.04
1	20.0711504					0.05
1	2.99793191					0
1	0.76486493					-0.03
1	60.866168					0.01
1	86.1150888					-0.04
1	3.6146051					0.04
1	13.1829642					-0.05
1	3.51576315					-0.02
1	0.63642408					0.12
1	1.49514952					0.03
1	20.3505213					0.02
1	22.4764425					0
1	42.5215895					0.04
1	6.69960006					-0.1
1	6.9131112					0.05
1	18.6051942					0
1	23.955378					-0.02
1	29.6091744					0.01
1	14.4541302					-0.03
1	14.2563227					0.03
1	0.96897238					0.06
1	10.67607169					0.35
1	4.48487493					0.04
1	2.46050993					-0.03
1	5.86601526					0.07
1	23.9109011					0.02
1	4.13592271					0.07
1	8.05333618					0.19
1	4.45343281					-0.03
1	9.705716					-0.01
1	10.9295461					-0.02
1	2.31942009					0.2
1	8.07392849					-0.03
1	39.859484					0.04
1	39.4419839					0.01
1	81.4162941					0.26
1	2.41811321					0
1	33.42035034					0.06
1	10.60052251					-0.03
1	0.68996783					0.11
1	56.6747285					-0.03
1	12.27065865					-0.16
1	13.2274528					0.04
2	22.951				0.117	-0.674
2	42.882				0.25	-0.674
1	54.5094166					-0.02
1	35.622233					0.01
1	42.913751					0.14
1	47.1611696					0.01
1	47.0319479					-0.02
1	49.276764					-0.02
1	18.1373829					-0.09
1	51.1110243					-0.05
1	47.9872764					0.02
1	62.8691611					0.01
1	29.9633247					-0.02
1	29.3494775					-0.04
1	65.6488341					0.06
1	25.15864					0
2	31.7785901					0.03
2	5.32786292					0.03
1	31.8277111					-0.06
1	31.1750448					-0.07
1	47.0569043					-0.07
2	8.23984869					0.03
2	3.54553021					0.03
1	21.8635301					0.02
1	16.2950903					-0.01
1	3.63899398					-0.03
1	38.1312831					0.03
1	14.4273551					-0.01
1	36.4333452					0.04
1	82.177374					0.03
1	10.35863224					0.06
1	11.55530021					-0.06
1	26.0840594					0.03
1	14.53261362					-0.02
3	51.84688575					0.143
1	22.12679948					0.07
1	5.94220998					0.04
1	12.25383217					-0.04
1	9.5085156					0.04
1	30.4549136					-0.17
1	19.9157725					0.02
1	54.6495759					0.06
1	7.31946363					0.04
1	39.8189932					0.06
1	82.294751					-0.13
1	92.4362973					-0.08
1	16.5861762					0.06
1	16.75255007					0.06
1	15.0217983					0.06
1	91.080482					0.01
1	85.273256					0.06
1	64.6588017					0.05
1	8.74199772					0.01
1	48.051405					-0.01
1	44.2008					-0.01
1	15.0330105					-0.05
1	14.5564533					0.04
1	41.7083629					0.05
1	96.16987					-0.19
1	82.304003					-0.17
1	30.8609366					-0.18
1	14.0329154					-0.05
1	16.0506213					-0.03
1	20.7056504					0.01
1	25.4338197					0.03
1	84.703921					0.04
1	23.2382792					0.14
1	20.35972599					0.2
1	160.88465087					0.14
1	217.8317626					0.14
1	214.3114164					0.07
1	7.25931979					0.03
1	5.54608367					0.01
1	5.11177904					0.06
1	240.7989397					-0.07
1	0.65355357					0.04
1	47.14840805					-0.05
1	1.84788917					-0.07
1	0.93875077					0
1	70.9674603					0.04
1	2.41660118					0.27
1	3.908632					-0.01
1	160.129918					0.07
1	1.79111021					0.03
1	5.33905686					-0.03
2	2.5904434					0.03
2	5.3227406					0.03
1	1.13854338					-0.03
1	1.09366356					-0.1
1	308.5471					0.03
1	5.71668872					-0.01
1	138.9442					0
1	364.758031					0.05
1	1.4444538					-0.08
1	175.138819					0.02
1	133.3036741					-0.01
5	20.54981883					-0.391
5	3.93276465					-0.391
5	9.91935684					-0.391
1	125.4131177					0.1
1	8.40691199					-0.04
4	3.95116882					0.06
4	2.89223021					0.06
4	5.99273738					0.06
4	5.10115756					0.06
1	6.96710269					0.07
1	168.811174					0.02
1	163.692349					-0.06
1	19.5974971					0.01
1	0.69297968					0.04
1	124.828679					0.05
1	214.886545					0.02
1	225.582809					0.01
1	24.4973698					0.01
1	184.771853					-0.07
1	4.24261881					-0.09
1	198.088774					-0.1
1	8.10501635					0.03
1	8.82713457					0.08
1	3.74032496					0.02
1	3.50470358					0
1	0.97191543					-0.04
1	3.03195744					0.04
1	1.00520701					0.04
1	64.2737752					0.11
1	3.43276598					0.02
1	18.0540381					0.03
1	1.53818844					-0.16
1	0.53991524					-0.07
1	153.979578					-0.03
1	20.925392					0.09
1	5.79180156					0.06
3	7.02573474					-0.108
1	26.548955					-0.04
1	3.38555488					0.04
1	5.49548621					0.08
1	2.6157554					0.02
1	6.9424334					0.08
1	2.55314213					-0.07
1	6.98471973					0.05
1	6.30560247					0
1	1.45088691					-0.13
1	0.84990789					0.11
1	56.6449279					0.12
1	6.28385491					0.07
1	4.83817712					0.48
1	9.32807355					-0.07
1	13.3997099					0
1	3.5827463					0.08
1	15.6049212					0.06
1	9.4060467					0.07
1	7.84931739					-0.14
1	0.99166527					0.08
1	7.61760804					0.03
1	8.18504949					0.01
1	3.05710069					0.04
1	174.509835					0.02
1	2.71603809					0.03
1	4.56380468					-0.02
1	66.373379					-0.11
1	2.94654179					0.02
1	4.34195123					0.04
1	122.363553					0.02
1	386.370548					0.07
1	2.20921951					0.05
1	11.17931605					0.02
1	2.27163926					0.07
1	0.68368426					0.02
1	85.7565495					-0.01
1	196.435224					0.01
1	13.6473676					0.05
1	16.4735686					-0.24
1	114.34219					0.1
1	8.70181574					0.1
1	5.1762429					0.01
1	3.91795101					0.03
1	1.5184299					0.01
1	3.9466141					-0.17
1	47.3126192					0.06
1	6.76284377					0.02
1	27.4785572					0.01
1	6.10826019					0.04
1	23.6225913					-0.07
1	101.951829					0.03
1	92.263714					0.03
1	10.8118737					0.04
1	4.36128348					0.04
1	3.29030452					0.06
1	287.378949					0.01
1	4.13962966					0.04
1	7.20283653					-0.1
1	76.378033					0.17
1	3.87595807					0.05
1	509.997402					-0.46
1	4.09513932					0.04
1	448.303558					0
1	186.404271					0.02
1	374.876239					0.02
1	469.63111					0.06
1	425.47785					0.03
1	6.10960324					0.07
1	259.33683					-0.01
1	9.878482					-0.03
1	7.5844126					0.1
2	19.672266					-0.02
2	32.657212					-0.02
2	12.2057513					-0.01
2	6.6513802					-0.01
1	5.34264507					-0.01
1	21.0907758					-0.1
1	16.1779561					0.04
1	4.48558383					0.04
1	1.53818001		0.01			-0.11
1	9.87863917		0.13			-0.16
3	1.55400393					-0.286
4	51.16579					0.072
2	36.855				0.006	-0.091
2	49.412				0.024	-0.091
3	9.28716		0.12		0.02643	-0.08
3	28.731		0.21		0.04122	-0.08
3	62.95		0.05		0.07079	-0.08
3	5.94504102					0.006
3	6.47027579					-0.153
3	1.31184443					-0.14
3	3.88689525					
3	124.5244647					0.194
4	7.38449		0.078	90	0.02328	
4	9.84564		0.15	90	0.01605	
4	14.78869		0.037	87.94	0.02517	
4	19.72567		0.051	88	0.0151	
5	23.654				0.534	0.143
5	50.447				0.042	0.143
4	3.21982106					-0.028
3	6.2385				0.0302	-0.04
3	12.7204				0.0774	-0.04
3	123				0.283	-0.04
3	1.04562266					0.212
4	12.28				0.01611	-0.13
4	17.2559				0.01951	-0.13
3	5.24972541					-0.951
3	31.884				0.052	0.012
3	48.648				0.051	0.012
2	17.324				0.275	-0.315
2	33.006				0.202	-0.315
3	35.736				0.155	-0.57
3	54.414				0.118	-0.57
4	24.806				0.192	-0.374
4	44.347				0.177	-0.374
2	10.3384				0.01419	-0.04
2	13.2884				0.01259	-0.04
4	1.49914695					0.523
3	5.487				0.033	-0.071
3	8.291				0.019	-0.071
2	10.4208				0.02341	0.19
2	13.0729				0.01145	0.19
2	34.921				0.09	0.09
2	71.312				0.124	0.09
4	9.341				0.027	-0.106
4	1.64422461					-0.053
3	17.849				0.019	-0.308
3	26.136				0.047	-0.308
3	142.544247					-0.134
4	13.3675				0.03146	-0.32
4	21.302				0.03776	-0.32
4	39.7922				0.03839	-0.32
4	51.196					-0.32
2	42.994				0.238	-0.129
2	88.505				0.056	-0.129
3	6.83437001					-0.046
3	184.256405					-0.297
3	13.61159129					-0.145
2	2.42629				0.02	0.18
2	4.62332				0.009	0.18
2	0.66931					0.33
2	3000				12.6	0.33
1	2.46502					-0.2
1	68.9584					0.08
2	7.83442788					0.23
2	4.7				0.011	
2	7.171				0.094	
2	4.176				0.377	
2	8.708					
2	6.319				0.183	
2	12.209					
2	12.331				0.035	
2	15.943					
1	86.67856		0.2	89.952	1.1	-0.05
2	406.2		0.498		2.43	-0.07
2	16.79713874					0.01
3	2.984151		0	89.74		0.27
3	4.871229		0	89.91		0.27
3	8.15275		0	89.61		0.27
3	1.565409		0	87.42		-0.3
3	3.036179		0	88.97		-0.3
3	5.148921		0	88.72		-0.3
2	12.58242		0.03			
2	33.6727		0.05			
3	28.454851		0.02			
3	15.413135		0.02			
3	7.51464		0.14			
2	523.9		0.0214		4.46	0.27
2	20.74028413					-0.28
2	220.1303357					-0.38
1	8.31378306					0.04
1	84.6879808					-0.06
1	8.98101683					-0.28
1	7.25696522					0.19
1	9.94067247					0.09
2	51.07926307					-0.01
2	3.70921385					-0.01
1	24.99324193					0.06
1	38.47875707					0.1
1	24.66919569					0.04
1	5.01423457					0.07
1	4.17625551					0.16
1	14.55731705					0.12
1	5.66067294					-0.01
1	3.10550819					0.21
1	14.00640607					0.04
1	11.11990653					-0.04
1	13.2217576					-0.03
1	12.49341307					-0.02
4	4.778				0.0124	0.17
4	9.67395				0.04597	0.17
4	42.8961				0.025	0.17
4	982				2.067	0.17
1	4.9195838					0.11
1	10.06082567					0.03
1	56.35418576					-0.13
1	30.229104					0.09
1	10.04556931					-0.1
1	3.2432598					0.04
1	30.36044667					-0.04
2	15.3587684					0
2	38.6519976					0
1	3.12082923					0.03
1	17.27629612					0
4	7.2037945				0.98	-0.151
4	10.9129343				0.72	-0.151
1	3.26869515					-0.02
1	4.22538451					0.37
1	11.72012266					0.07
1	3.00387658					0.11
1	8.02511821					0.02
1	3.41303622					-0.07
1	8.30864937					-0.03
1	3.57320367					0.24
1	9.61375356					-0.04
1	5.63252845					0
1	8.5083244					0.03
1	5.64067757					-0.03
1	4.28686431					0.05
1	7.25844721					0.09
1	9.54927542					-0.31
1	27.52197994					-0.19
1	6.8834055					0.09
1	3.56809693					0.06
1	25.30889748					0.18
1	41.74600392					0.01
1	19.55659418					-0.35
1	296.637865					0.01
1	34.43587975					0.22
1	28.86235584					-0.01
1	5.65179605					0.36
1	19.96371318					0.08
1	24.85462415					0.01
1	60.92832271					-0.06
1	8.51203588					-0.23
1	24.3078946					0.01
3	7.8773565				8.7	-0.289
3	16.3850021				10.41	-0.289
2	19.67416124					-0.03
2	5.21104261					-0.03
1	22.20813214					0.25
1	38.58422849					0.41
1	5.83598311					-0.03
2	7.97419807					0.02
2	1.88897906					0.02
1	18.68404933					0.11
1	5.45849832					0.34
1	13.28535633					0.03
1	19.78297415					0.02
2	1.98035766					-0.1
2	12.8345022					-0.1
3	18.6489525				18.41	
3	38.5583038				15.74	
1	39.30941904					-0.08
1	29.88485741					-0.03
1	12.92491623					0
1	28.51120525					0.01
1	15.95994513					0.01
1	4.90332155					0.13
1	1.8270823					0
1	3.24755522					0.23
1	81.73780699					-0.05
3	8.0109434				0.92	-0.036
3	12.0717249				0.37	-0.036
1	172.7049784					-0.1
1	5.08005848					0.07
1	13.14497566					0.02
1	13.89961966					-0.19
1	21.41616926					0.02
1	13.24934059					0.03
1	4.14702026					0.14
1	6.01038429					0.01
1	4.45419434					0
2	42.9495649					-0.03
2	117.040498					-0.03
5	27.9481449				1.49	-0.201
5	42.1516418				1.11	-0.201
1	8.60010411					-0.02
1	12.3764661					-0.09
1	5.26341577					0.01
2	4.03046804					0.21
2	328.2399546					0.21
1	1.90220856					0.14
1	16.21775407					0
1	11.72292176					0.03
1	3.70598955					0.02
1	29.00790538					-0.06
1	17.58752333					0.03
1	18.47764449					-0.39
2	58.3620495					0.02
2	5.35016198					0.02
1	18.00931444					-0.04
1	22.18432708					-0.08
1	3.75083228					-0.01
1	4.24374723					-0.02
1	18.42794624					-0.01
1	16.54297375					0
1	11.02347475					0.11
1	34.18890521					0.01
2	5.7293196				18.86	-0.045
2	11.6092567				6.95	-0.045
1	4.301662					0.06
1	4.79859939					0.01
1	17.20523483					-0.1
1	22.18329658					0.02
1	7.65880414					-0.01
1	9.37891944					0
1	29.91136794					0.09
1	25.69578251					-0.14
1	1.6168837					-0.03
1	9.66857723					0.13
3	10.2184954				1.39	-0.12
3	15.5741568				2.19	-0.12
1	8.22241966					-0.06
1	40.6069821					0.03
1	18.49235668					0.01
1	6.5100253					0.07
1	35.1810304					0.02
1	2.75235975					0.03
1	2.10472218					0
1	10.94027841					-0.05
1	4.22162536					0
1	16.54964934					0.01
2	11.8681707				2.05	-0.253
2	17.9801235				1.37	-0.253
1	5.85296257					0.07
1	81.1694299					0.01
1	2.82019241					-0.03
1	21.21708973					0.04
1	13.64618192					-0.03
1	25.30292332					0.08
1	21.30022655					0.03
1	13.02365861					-0.01
1	3.70175428					0.02
1	15.65562652					-0.02
3	7.1334				0.01318	-0.09
3	8.9187				0.01211	-0.09
3	11.8981				0.01309	-0.09
1	23.67517607					-0.09
1	5.37886844					-0.02
1	15.28469497					-0.02
3	21.05358596					0.03
3	127.9075774					0.03
3	6.2171292					0.03
1	25.85501786					-0.02
2	3.38353807					0.02
2	2.35895152					0.02
1	24.31575992					0.01
1	0.6381632					-0.02
1	6.41251504					-0.02
1	6.52121067					0.06
1	59.87756		0.25	89.8		0.03
2	6.99692655					0.12
2	151.86392					0.12
1	2.4370333					0.06
1	3.72215641					0.04
1	15.77979614					-0.01
1	14.03491514					-0.07
1	10.35584657					-0.07
2	9.99761851					-0.02
2	90.4113556					-0.02
1	1.68269615					-0.07
1	3.59576964					0.08
2	5.4042722					0.05
2	1.20846503					0.05
1	12.91375431					0.03
1	2.62811375					-0.02
1	14.28226676					-0.09
1	9.07097734					-0.03
1	14.58649607					-0.06
2	7.75192492					0.1
2	4.1653651					0.1
1	14.48585199					0.01
1	40.6994443					0.05
1	15.4580567					0.04
1	7.2385854					0.01
1	161.4743937					0.03
1	17.97979059					0.23
1	30.99660733					0.11
1	8.50340718					-0.05
1	5.16950177					-0.18
1	23.44971004					0.41
1	16.08066115					-0.02
1	23.20584623					0.38
1	6.07972888					0.04
1	10.21420496					0.23
1	22.24813967					0.15
1	9.48961571					0.15
1	4.41745855					0.06
1	16.33889626					0.13
1	3.1739171					0.08
1	3.27582262					-0.01
1	15.87364565					-0.07
1	16.2254649					-0.14
1	17.4211749					0.21
1	29.90722674					-0.17
1	3.03214559					0.13
1	21.38521506					-0.04
1	4.18200253					0.17
2	14.70748976					0.23
2	0.90037648					0.23
1	13.72465129					0.04
1	46.4063358					0
1	1.26025909					-0.04
1	24.54350418					0.03
1	1.28707676					-0.04
1	17.671796					0.02
1	9.27358194					-0.07
1	6.02930132					-0.05
1	21.67697486					-0.03
1	4.99678284					0.03
1	2.52559332					0.07
1	16.01310205					-0.03
1	4.49876092					0.01
1	41.43962808					0.15
1	8.35390639					-0.06
1	4.12554687					0.14
1	2.81650485					0.07
1	4.28095859					0.08
1	38.3774623					-0.01
1	3.72873109					0
1	2.24338185					-0.27
1	2.33743801					-0.05
1	11.59822172					-0.02
1	6.57531678					0.06
1	7.27503724					0.07
1	12.39358604					-0.09
3	5.39875				0.01878	0.12
3	9.60504				0.02265	0.12
3	625				0.84007	0.12
1	3.68992629					0.13
1	26.39435646					-0.04
1	12.61190667					-0.05
1	2.53918318					-0.03
1	6.77030201					-0.11
1	1.6255222					0.15
1	1.59474546					-0.07
1	20.50586978					-0.04
1	3.89593684					0.02
1	22.36656079					-0.01
1	7.74809437					0.19
1	8.114379					0.04
1	21.81293494					-0.01
1	15.37563332					-0.1
1	6.36584161					0
1	3.04033042					-0.01
1	4.19042557					0.07
1	3.70987065					-0.01
1	16.32976218					-0.03
1	27.80756293					-0.26
1	80.8720639					0.04
1	10.35533177					0
1	10.52629406					0
1	4.58352176					0.05
1	3.76182115					0.09
1	56.0560538					0.07
1	41.40831347					-0.06
1	2.23749275					-0.12
1	3.16789194					0.01
1	16.08524954					-0.08
1	4.34728553					-0.04
1	23.58914398					-0.04
2	21.02247699					-0.03
2	226.89047					-0.03
1	7.411141					-0.03
1	8.09888799					0.04
1	10.00652995					0.02
1	10.37168453					0
1	4.40840023					-0.12
1	2.0523499					0.06
1	5.00731778					-0.02
1	4.70832654					0
1	5.39202539					-0.01
2	4.09357325					0.02
2	105.144749					0.02
1	4.08227507					0
1	3.31494634					-0.02
1	39.64317811					-0.01
1	21.80451088					-0.09
1	5.15448442					-0.01
1	5.74347727					-0.03
1	3.16635371					-0.05
1	6.49168426					0.07
1	3.85560355					0.04
2	9.46781405					-0.01
2	0.89304124					-0.01
1	20.83424726					0.01
1	6.10485286					-0.17
1	11.51516988					0.07
1	3.60147201					0.03
1	28.59915399					-0.24
1	24.58721573					-0.09
1	12.53248465					-0.08
1	3.58410122					0.03
1	7.03902374					0.07
1	8.36086824					0.07
1	3.17926292					0.01
1	12.06222443					0
1	9.93143556					0.06
1	3.48159251					0.09
1	35.61760587					-0.03
1	7.40742793					0.08
1	17.31716585					-0.11
2	9.42887179					0.03
2	4.08899022					0.03
1	17.44490636					-0.06
1	18.82747265					-0.08
1	5.74772501					-0.03
1	14.5596237					0.05
2	1.26909037					-0.01
2	2.85313364					-0.01
1	1.22486632					-0.19
1	1.02267882					0.02
4	12.1097104					-0.1
4	4.75793986					-0.1
4	20.4966197					-0.1
4	8.1934719					-0.1
1	41.805985					0.06
2	8.70419416					0.08
2	2.46697439					0.08
1	10.12804789					-0.09
1	3.7705521					0.02
1	1.19655156					0.01
1	7.33683936					-0.06
1	27.6655226					0.04
1	6.10027804					0.09
1	161.5280101					-0.05
1	11.3910025					-0.03
2	7.42608998					0.06
2	15.9870174					0.06
3	18.92540274					-0.01
3	1.47532231					-0.01
3	4.15244722					-0.01
1	8.73485836					0.01
1	12.99207337					0.03
1	3.74910006					0.05
1	11.0895723					0.04
1	0.97486893					-0.04
1	4.89718784					0.05
1	5.72812599					-0.17
1	3.75574426					-0.09
1	7.09714223					-0.43
1	0.355		0	79	0.006	-0.18
1	0.67737516					0.05
1	13.2140732					-0.1
1	158.6853308					-0.14
1	4.29264638					0.01
1	31.5922646					0.07
1	1.97376093					-0.02
1	53.5293487					0.09
1	0.9283105					-0.09
1	8.39846269					0.05
1	8.63847725					-0.06
1	13.73469807					-0.05
1	14.5539759					0.06
1	11.30119217					0.08
1	4.24153639					0
1	11.13125132					0.34
1	29.6193421					-0.02
1	6.40087618					0.09
1	27.07237711					-0.02
1	13.71933369					0.03
1	133.4605235					-0.07
1	14.13176026					-0.09
1	11.41928253					-0.17
1	40.0587473					0.06
1	50.28638192					0.02
2	14.37457351					0
2	9.65185017					0
1	30.8638931					-0.06
1	8.09219642					0
1	117.93108781					-0.04
1	0.63133235					0.05
1	55.63934					0.04
3	5.955					-0.524
3	12.04					-0.524
1	4.59725385					0.1
1	23.58447697					0.05
1	10.11716531					0.02
1	19.12947337					-0.13
1	6.1469851					0.01
1	8.57503552					-0.03
1	10.50682565					0.16
1	3.99010623					0.02
1	10.03538581					-0.08
1	33.1995648					-0.06
4	26.444					-0.014
4	51.538					-0.014
1	127.8338098					0.09
1	1.92279873					-0.03
1	3.22296927					0.04
1	4.16809082					0.06
1	4.51436633					0.14
2	3.77360059					-0.08
2	8.1818246					-0.08
1	4.48758907					-0.12
1	51.92927591					-0.06
1	0.56785714					-0.02
1	6.88337562					0.03
3	9.77					-0.195
3	20.09					-0.195
1	11.29695137					-0.02
1	5.62153941					0.02
1	7.1396941					-0.08
1	18.7546998					-0.18
1	13.32388301					-0.13
1	11.41909375					0.08
1	11.36112327					-0.01
1	16.56059504					-0.18
1	15.74957994					-0.06
1	37.8144514					0.29
5	8.726					-0.131
5	12.883					-0.131
1	2.49577962					0
1	124.4198398					-0.09
1	1.21956827					-0.02
1	2.05387982					0.05
1	2.61302086					-0.24
1	0.92785982					0.01
1	19.80792185					0
1	2.3432319					0.15
1	6.91134416					0.15
1	394.6244904					0.12
4	8.306					-0.031
4	12.513					-0.031
1	7.19303878					0.03
1	8.50699658					-0.07
1	44.9309804					0.22
1	7.16892463					0.07
1	2.14463285					0.04
1	7.8866311					0.06
1	8.02768059					0.12
1	85.35129427					0.02
1	76.13602028					-0.04
1	20.38177573					-0.02
1	5.10137945					0.09
1	3.94963138					0.01
1	3.14866453					0.04
1	15.59461874					-0.03
1	5.83376092					0.04
1	14.16399294					-0.01
1	2.61703254					-0.07
1	150.242127					-0.02
1	5.03251791					-0.08
1	40.4287755					0.02
1	21.3587621					-0.01
1	22.0459018					0.09
1	2.57885507					0.04
1	20.5533844					0.07
1	40.0686727					0.03
1	27.5073799					0.03
1	5.14438011					-0.03
1	18.45847097					-0.06
1	25.9422033					-0.03
1	33.3855938					0.05
1	7.71468975					0.03
1	4.44448017					0
1	3.98953967					-0.03
1	12.98495573					-0.13
1	5.69919514					0.05
1	18.11472949					0.11
1	6.24146367					-0.01
2	20.42228798					0.08
2	7.63846023					0.08
1	70.6979061					-0.21
1	3.744439					0.19
1	52.75875577					0.09
1	53.44945593					0.09
1	13.7521072					-0.04
1	6.33855761					-0.03
1	9.803224					-0.25
1	2.80624233					-0.16
1	144.547396					-0.1
1	8.0472642					0.04
1	5.8706191					-0.06
1	19.17891293					-0.06
1	6.9913086					-0.01
1	3.51749439					-0.3
1	40.1099547					0
2	10.3507721					0.05
2	62.9228557					0.05
1	3.02166863					0.05
1	5.08274652					0.09
1	41.6979976					-0.09
1	15.86621821					-0.15
1	1.34059747					0.15
1	13.93290318					0.08
1	2.36436901					0.12
1	20.310501					0.03
1	2.53475627					0.02
1	10.29672521					-0.52
1	4.40966548					0.22
1	4.59489604					0.08
1	32.2968798					-0.05
1	2.97041437					-0.38
1	4.85386933					0.06
1	11.04603384					0.07
3	13.749				0.202	
3	26.723				0.019	
3	49.3568		0.07			
2	6.53192704					0
2	100.8274113					0
1	51.300634					-0.12
1	0.93846683					-0.05
1	6.93366476					0.07
1	61.0370117					0.01
1	33.8678531					0.12
1	52.0688601					0.03
1	9.1149903					0.03
1	3.9324613					-0.11
1	0.92103214					-0.04
2	1460				3	-0.18
1	71.4517775					0.04
1	8.03755877					-0.01
1	1.9214374					-0.01
1	14.20443009					-0.02
1	55.6738309					0.01
1	4.88083852					-0.01
1	10.56134221					0.05
2	67.668827					0.08
2	153.343364					0.08
1	52.6298417					-0.03
1	14.878296					-0.12
2	2.50806				0.034	0.34
2	820.3				9.836	0.34
1	59.6225257					-0.08
1	17.42395198					-0.15
1	44.96417488					0.09
1	49.7701438					-0.07
1	43.3167737					-0.11
1	31.0033814					-0.01
1	11.79162572					-0.09
1	26.9644317					-0.07
1	7.76846622					-0.02
1	8.6893073					0.01
1	11.5231				0.041	0.3
1	98.7180406					0.02
1	71.52530845					-0.01
1	130.3546919					0.06
2	88.40655258					0.26
2	9.10967112					0.26
1	16.78176602					0.02
1	14.53244172					0.02
1	5.24867263					0.02
1	5.90741354					-0.01
1	9.7678805					0.01
1	14.80074836					0.02
1	16.2385				0.027	0.04
1	3.12686223					0.02
1	16.87727414					0.05
1	12.05707239					0.01
1	9.97683705					-0.02
1	13.5225106					0.03
1	134.2527298					0.03
1	99.747622					0.04
2	13.22713379					-0.03
2	198.7112502					-0.03
2	3.69298373					0.13
2	5.70940492					0.13
2	34.1731714					0.22
2	1.6829346					0.22
2	2.58664				0.011	-0.2
2	789				1.08	-0.2
1	16.73652231					-0.08
1	9.59070716					-0.06
1	7.03932553					0.04
1	49.6077331					-0.06
1	4.19449651					0.07
1	1.97034246					0.07
1	105.9564148					0.07
1	26.85328322					-0.01
1	49.6221509					-0.01
1	8.0880135					-0.02
1	1.54168				0.011	0.18
1	11.55102504					0.01
1	4.46975774					0.01
1	15.7738221					0.05
1	60.0855082					0.12
1	43.0342272					0.04
1	116.331901					0
1	56.4349938					0.04
1	105.3033148					0.01
1	17.76080053					-0.32
1	7.96431535					0.01
1	4.60358				0.019	0.18
2	9.91723428					0.01
2	0.53835431					0.01
1	82.5342519					-0.25
1	20.16034462					-0.04
1	22.08557563					0.03
1	1.15116651					-0.13
1	28.26731672					-0.07
1	3.77059058					0.03
1	2.70730672					0.05
1	5.65377733					0.07
1	5.99185702					0.05
1	121.71		0.35		1.54	-0.02
1	511.21		0.16		2.18	
1	6.959		0.3		0.32	
1	5.118		0.28		0.4	
1	4.087		0.15		0.46	
1	2985.7		0.44		2.78	
1	4.4264		0		0.54	
1					13	
7	18.767			89.76		0.04
1	1.33823251		0	86.85	1.216	-0.05
1	4.1250828		0	88.8	1.78	-0.04
